account_id,district_id,frequency,date
2444,76,POPLATEK MESICNE,1997-09-07
3882,10,POPLATEK MESICNE,1993-07-09
3128,1,POPLATEK MESICNE,1995-01-06
3146,68,POPLATEK MESICNE,1993-10-26
491,44,POPLATEK MESICNE,1996-05-12
2775,30,POPLATEK MESICNE,1997-12-08
2004,42,POPLATEK MESICNE,1996-08-04
161,28,POPLATEK MESICNE,1994-07-04
4343,31,POPLATEK MESICNE,1993-11-22
3841,8,POPLATEK MESICNE,1995-01-22
436,30,POPLATEK MESICNE,1996-08-07
2423,30,POPLATEK MESICNE,1993-02-14
3759,1,POPLATEK MESICNE,1993-12-29
1528,50,POPLATEK MESICNE,1996-06-08
1561,66,POPLATEK MESICNE,1995-04-01
3939,70,POPLATEK MESICNE,1993-07-08
716,47,POPLATEK MESICNE,1994-09-25
5442,34,POPLATEK MESICNE,1993-03-22
2873,70,POPLATEK MESICNE,1996-12-13
1959,62,POPLATEK MESICNE,1993-12-24
2594,19,POPLATEK PO OBRATU,1997-05-03
2070,72,POPLATEK MESICNE,1993-01-29
3472,55,POPLATEK MESICNE,1996-07-21
3910,10,POPLATEK MESICNE,1997-01-19
5891,54,POPLATEK MESICNE,1993-01-25
1186,64,POPLATEK MESICNE,1997-12-17
1691,48,POPLATEK MESICNE,1995-11-08
1515,11,POPLATEK MESICNE,1993-06-11
3672,26,POPLATEK MESICNE,1996-03-19
938,70,POPLATEK MESICNE,1997-12-13
5196,13,POPLATEK TYDNE,1997-06-29
3332,17,POPLATEK MESICNE,1997-03-25
494,60,POPLATEK MESICNE,1993-03-11
10243,44,POPLATEK MESICNE,1997-09-03
8405,20,POPLATEK MESICNE,1994-05-10
3824,41,POPLATEK MESICNE,1994-03-20
1687,23,POPLATEK MESICNE,1997-04-18
1956,63,POPLATEK MESICNE,1997-05-23
6472,61,POPLATEK MESICNE,1994-02-08
3849,75,POPLATEK MESICNE,1994-10-21
212,27,POPLATEK TYDNE,1993-01-20
465,32,POPLATEK MESICNE,1993-02-04
2738,41,POPLATEK MESICNE,1993-11-12
3614,19,POPLATEK MESICNE,1996-08-07
988,10,POPLATEK MESICNE,1994-10-22
2132,76,POPLATEK MESICNE,1993-10-08
2672,59,POPLATEK MESICNE,1997-03-14
3730,17,POPLATEK MESICNE,1994-09-08
758,51,POPLATEK MESICNE,1997-12-19
1257,66,POPLATEK MESICNE,1995-10-11
3421,31,POPLATEK MESICNE,1995-02-01
3169,19,POPLATEK MESICNE,1997-12-19
1938,1,POPLATEK MESICNE,1994-06-25
3343,1,POPLATEK MESICNE,1997-08-03
3877,59,POPLATEK MESICNE,1996-10-22
268,3,POPLATEK MESICNE,1996-05-29
167,29,POPLATEK TYDNE,1996-02-26
303,71,POPLATEK MESICNE,1996-07-25
1640,13,POPLATEK MESICNE,1995-09-01
1535,46,POPLATEK MESICNE,1993-03-20
8759,1,POPLATEK MESICNE,1993-09-18
6289,64,POPLATEK MESICNE,1995-04-05
1436,3,POPLATEK MESICNE,1994-12-07
2143,1,POPLATEK MESICNE,1996-01-13
24,74,POPLATEK MESICNE,1996-12-05
2814,72,POPLATEK MESICNE,1993-04-25
731,5,POPLATEK MESICNE,1995-07-11
435,38,POPLATEK MESICNE,1993-01-08
3963,9,POPLATEK MESICNE,1997-10-27
315,45,POPLATEK MESICNE,1997-12-08
4729,66,POPLATEK MESICNE,1997-05-23
4000,7,POPLATEK MESICNE,1993-08-02
2064,54,POPLATEK MESICNE,1996-12-30
848,31,POPLATEK MESICNE,1996-06-16
2715,42,POPLATEK MESICNE,1997-10-06
815,56,POPLATEK MESICNE,1993-08-25
3442,4,POPLATEK MESICNE,1996-01-16
450,59,POPLATEK MESICNE,1996-05-28
2792,1,POPLATEK MESICNE,1996-08-26
3448,58,POPLATEK TYDNE,1996-06-06
2767,54,POPLATEK MESICNE,1996-03-23
339,46,POPLATEK TYDNE,1996-09-11
1973,71,POPLATEK MESICNE,1996-06-05
1694,6,POPLATEK TYDNE,1993-08-29
1805,1,POPLATEK MESICNE,1993-02-02
803,19,POPLATEK MESICNE,1995-09-09
2020,13,POPLATEK MESICNE,1993-09-04
2360,26,POPLATEK MESICNE,1996-08-27
1540,1,POPLATEK MESICNE,1995-03-29
4286,43,POPLATEK MESICNE,1996-11-11
1416,66,POPLATEK TYDNE,1993-07-12
3208,29,POPLATEK MESICNE,1997-08-04
9179,28,POPLATEK MESICNE,1997-01-21
1449,35,POPLATEK MESICNE,1993-08-26
1646,1,POPLATEK TYDNE,1996-05-27
703,54,POPLATEK MESICNE,1997-12-21
10049,17,POPLATEK MESICNE,1996-03-28
2388,30,POPLATEK MESICNE,1993-06-09
2821,54,POPLATEK MESICNE,1996-07-12
2632,24,POPLATEK MESICNE,1993-01-02
2122,68,POPLATEK MESICNE,1993-01-08
2764,53,POPLATEK MESICNE,1996-08-15
6400,31,POPLATEK PO OBRATU,1995-10-09
2328,35,POPLATEK MESICNE,1995-06-14
3458,63,POPLATEK MESICNE,1995-07-07
2038,42,POPLATEK MESICNE,1993-08-06
2765,69,POPLATEK MESICNE,1997-09-20
4537,53,POPLATEK TYDNE,1996-07-18
1390,69,POPLATEK MESICNE,1996-12-30
3274,76,POPLATEK MESICNE,1997-09-17
3731,70,POPLATEK MESICNE,1996-05-20
1874,9,POPLATEK MESICNE,1993-03-27
1142,74,POPLATEK MESICNE,1995-10-19
1632,18,POPLATEK TYDNE,1996-01-13
2351,74,POPLATEK MESICNE,1997-09-08
10361,21,POPLATEK MESICNE,1996-06-21
3337,58,POPLATEK PO OBRATU,1997-02-22
10911,1,POPLATEK TYDNE,1993-05-29
3249,74,POPLATEK MESICNE,1996-10-11
2197,46,POPLATEK MESICNE,1997-07-26
503,1,POPLATEK MESICNE,1996-08-08
2788,54,POPLATEK MESICNE,1994-10-12
2863,14,POPLATEK MESICNE,1996-01-21
2404,8,POPLATEK MESICNE,1997-06-05
1807,21,POPLATEK MESICNE,1997-10-15
7033,75,POPLATEK MESICNE,1996-07-03
8713,53,POPLATEK MESICNE,1997-05-18
2867,30,POPLATEK MESICNE,1993-11-04
4458,60,POPLATEK MESICNE,1996-04-23
2619,20,POPLATEK MESICNE,1996-05-13
743,10,POPLATEK MESICNE,1993-11-05
54,4,POPLATEK MESICNE,1995-05-02
729,14,POPLATEK MESICNE,1997-02-15
3763,55,POPLATEK MESICNE,1995-08-23
2049,67,POPLATEK MESICNE,1997-12-19
5033,54,POPLATEK MESICNE,1995-08-03
958,72,POPLATEK MESICNE,1996-06-06
2679,67,POPLATEK MESICNE,1997-07-24
27,73,POPLATEK MESICNE,1993-09-26
3603,3,POPLATEK MESICNE,1997-09-17
3747,1,POPLATEK MESICNE,1994-05-01
2711,58,POPLATEK MESICNE,1993-05-19
3623,59,POPLATEK MESICNE,1995-02-12
314,15,POPLATEK PO OBRATU,1996-01-26
313,73,POPLATEK MESICNE,1996-07-06
3028,27,POPLATEK MESICNE,1993-09-15
8680,17,POPLATEK MESICNE,1996-02-12
2231,2,POPLATEK MESICNE,1997-10-14
141,38,POPLATEK MESICNE,1996-03-06
9153,9,POPLATEK MESICNE,1996-12-12
4352,2,POPLATEK MESICNE,1993-07-05
1101,4,POPLATEK MESICNE,1997-09-22
935,23,POPLATEK MESICNE,1996-12-25
3670,27,POPLATEK MESICNE,1993-06-04
460,1,POPLATEK MESICNE,1994-04-18
2299,1,POPLATEK MESICNE,1997-01-21
2724,11,POPLATEK MESICNE,1996-08-09
290,56,POPLATEK MESICNE,1993-12-02
486,33,POPLATEK MESICNE,1995-11-21
2211,61,POPLATEK PO OBRATU,1997-11-10
1423,76,POPLATEK MESICNE,1995-09-08
1699,53,POPLATEK MESICNE,1993-01-14
143,21,POPLATEK MESICNE,1996-11-27
8159,26,POPLATEK MESICNE,1995-02-08
1647,1,POPLATEK MESICNE,1997-07-09
3581,66,POPLATEK MESICNE,1997-03-26
4596,74,POPLATEK MESICNE,1993-03-09
1496,57,POPLATEK MESICNE,1995-02-05
18,43,POPLATEK TYDNE,1993-05-26
3949,54,POPLATEK MESICNE,1996-01-11
3874,51,POPLATEK MESICNE,1995-06-02
2535,61,POPLATEK MESICNE,1997-01-21
1468,54,POPLATEK MESICNE,1993-10-11
11327,7,POPLATEK MESICNE,1997-10-15
713,58,POPLATEK MESICNE,1996-10-15
1042,43,POPLATEK MESICNE,1994-04-03
6512,34,POPLATEK TYDNE,1996-02-03
1157,7,POPLATEK MESICNE,1993-03-27
1218,1,POPLATEK MESICNE,1996-12-12
7180,7,POPLATEK TYDNE,1997-06-12
3729,31,POPLATEK MESICNE,1995-04-14
3846,61,POPLATEK MESICNE,1997-04-27
6158,67,POPLATEK MESICNE,1996-05-13
1440,55,POPLATEK MESICNE,1993-09-22
3001,1,POPLATEK MESICNE,1993-03-24
2558,46,POPLATEK MESICNE,1997-08-04
1571,66,POPLATEK MESICNE,1996-07-29
898,71,POPLATEK MESICNE,1996-03-27
852,57,POPLATEK MESICNE,1997-10-23
1664,56,POPLATEK MESICNE,1993-11-15
253,46,POPLATEK MESICNE,1995-12-05
588,66,POPLATEK MESICNE,1993-03-14
3863,15,POPLATEK MESICNE,1993-09-14
1308,54,POPLATEK MESICNE,1996-09-25
5385,44,POPLATEK TYDNE,1993-05-21
3659,54,POPLATEK MESICNE,1997-02-01
7454,4,POPLATEK MESICNE,1993-04-19
2421,18,POPLATEK MESICNE,1995-01-11
7437,19,POPLATEK TYDNE,1997-08-08
1478,5,POPLATEK MESICNE,1996-10-30
2613,26,POPLATEK MESICNE,1993-10-03
1613,1,POPLATEK MESICNE,1995-09-13
1521,74,POPLATEK MESICNE,1996-04-04
4408,71,POPLATEK TYDNE,1994-04-11
2501,30,POPLATEK MESICNE,1994-02-26
1834,62,POPLATEK MESICNE,1993-08-03
4091,9,POPLATEK MESICNE,1997-08-04
3823,74,POPLATEK MESICNE,1995-04-19
6281,56,POPLATEK MESICNE,1993-06-08
2653,66,POPLATEK MESICNE,1997-01-08
1209,23,POPLATEK MESICNE,1997-10-23
1093,54,POPLATEK MESICNE,1996-01-14
7614,62,POPLATEK MESICNE,1995-02-08
101,35,POPLATEK MESICNE,1996-04-16
2395,3,POPLATEK MESICNE,1996-06-24
531,31,POPLATEK MESICNE,1995-08-18
1878,52,POPLATEK TYDNE,1994-09-13
705,35,POPLATEK MESICNE,1997-07-14
2700,74,POPLATEK MESICNE,1993-11-08
1631,10,POPLATEK MESICNE,1996-09-27
11079,16,POPLATEK MESICNE,1995-11-10
5632,5,POPLATEK TYDNE,1994-11-15
3218,41,POPLATEK MESICNE,1993-11-14
10857,50,POPLATEK MESICNE,1996-10-02
1697,63,POPLATEK MESICNE,1997-05-17
35,75,POPLATEK MESICNE,1993-07-07
3748,1,POPLATEK MESICNE,1993-07-10
3347,4,POPLATEK MESICNE,1996-08-19
621,52,POPLATEK MESICNE,1996-06-01
118,68,POPLATEK MESICNE,1997-09-18
3417,48,POPLATEK MESICNE,1995-09-28
8533,47,POPLATEK MESICNE,1995-10-10
2469,11,POPLATEK MESICNE,1996-02-05
190,74,POPLATEK MESICNE,1995-03-02
4134,7,POPLATEK MESICNE,1993-03-03
3377,74,POPLATEK MESICNE,1996-12-02
4480,58,POPLATEK MESICNE,1996-08-19
3644,38,POPLATEK MESICNE,1993-04-13
2516,6,POPLATEK MESICNE,1995-11-16
611,46,POPLATEK MESICNE,1997-07-21
3042,10,POPLATEK MESICNE,1993-09-16
2703,61,POPLATEK MESICNE,1997-10-28
3515,68,POPLATEK MESICNE,1996-06-16
3318,62,POPLATEK MESICNE,1996-06-25
9159,64,POPLATEK MESICNE,1996-08-02
129,74,POPLATEK MESICNE,1997-10-01
6434,1,POPLATEK MESICNE,1995-05-08
3495,54,POPLATEK MESICNE,1996-05-17
2294,46,POPLATEK MESICNE,1996-09-29
2293,31,POPLATEK MESICNE,1993-02-13
1174,70,POPLATEK MESICNE,1995-03-21
2894,17,POPLATEK MESICNE,1993-08-28
4768,39,POPLATEK MESICNE,1996-06-17
1620,17,POPLATEK MESICNE,1995-06-08
1173,11,POPLATEK MESICNE,1996-09-22
3854,8,POPLATEK MESICNE,1996-04-18
4140,28,POPLATEK MESICNE,1997-12-05
3418,42,POPLATEK PO OBRATU,1996-09-02
4725,73,POPLATEK MESICNE,1997-04-14
1044,14,POPLATEK MESICNE,1995-11-09
2600,1,POPLATEK MESICNE,1996-02-13
154,46,POPLATEK MESICNE,1994-06-21
325,75,POPLATEK MESICNE,1996-10-06
186,1,POPLATEK TYDNE,1993-07-29
1922,60,POPLATEK MESICNE,1996-02-09
2620,22,POPLATEK MESICNE,1993-08-03
48,21,POPLATEK MESICNE,1996-11-17
3512,46,POPLATEK MESICNE,1996-05-11
11349,1,POPLATEK TYDNE,1995-05-26
2961,9,POPLATEK MESICNE,1996-07-12
2899,40,POPLATEK MESICNE,1997-04-03
570,3,POPLATEK MESICNE,1996-11-14
650,3,POPLATEK MESICNE,1995-01-28
10451,1,POPLATEK MESICNE,1993-08-29
5541,43,POPLATEK MESICNE,1995-03-24
904,1,POPLATEK MESICNE,1994-03-20
332,36,POPLATEK MESICNE,1996-01-12
3966,42,POPLATEK MESICNE,1996-01-09
1972,77,POPLATEK MESICNE,1993-01-02
3620,14,POPLATEK MESICNE,1997-02-06
159,70,POPLATEK MESICNE,1997-02-11
3517,26,POPLATEK MESICNE,1996-11-22
939,55,POPLATEK MESICNE,1994-10-04
3924,70,POPLATEK MESICNE,1996-02-24
2165,51,POPLATEK MESICNE,1997-04-08
3424,74,POPLATEK MESICNE,1993-02-16
1603,1,POPLATEK MESICNE,1993-05-09
2904,13,POPLATEK MESICNE,1996-03-20
989,19,POPLATEK MESICNE,1994-03-14
2726,18,POPLATEK MESICNE,1995-04-20
1247,25,POPLATEK MESICNE,1993-06-08
3980,75,POPLATEK MESICNE,1993-04-03
1068,52,POPLATEK MESICNE,1997-02-15
1711,63,POPLATEK MESICNE,1996-01-05
10134,22,POPLATEK MESICNE,1997-04-26
4543,33,POPLATEK MESICNE,1993-10-08
2567,17,POPLATEK MESICNE,1996-01-07
3539,42,POPLATEK MESICNE,1994-06-08
2778,38,POPLATEK MESICNE,1993-12-30
3102,33,POPLATEK MESICNE,1997-11-23
827,36,POPLATEK MESICNE,1996-02-23
20,74,POPLATEK MESICNE,1996-08-24
851,15,POPLATEK MESICNE,1994-09-23
3196,1,POPLATEK MESICNE,1993-12-13
564,5,POPLATEK MESICNE,1997-12-23
2892,64,POPLATEK MESICNE,1997-12-16
3850,8,POPLATEK MESICNE,1993-08-09
993,6,POPLATEK MESICNE,1996-11-14
913,59,POPLATEK MESICNE,1996-05-10
1444,70,POPLATEK MESICNE,1996-06-16
3610,1,POPLATEK MESICNE,1997-09-22
511,14,POPLATEK MESICNE,1996-11-10
1655,41,POPLATEK MESICNE,1996-04-15
3300,71,POPLATEK MESICNE,1997-09-19
306,16,POPLATEK MESICNE,1993-06-08
3506,70,POPLATEK MESICNE,1997-05-08
2753,26,POPLATEK MESICNE,1996-02-13
75,1,POPLATEK MESICNE,1995-08-13
3582,19,POPLATEK MESICNE,1995-08-26
8039,9,POPLATEK MESICNE,1995-12-17
2473,14,POPLATEK MESICNE,1996-02-16
839,16,POPLATEK MESICNE,1995-01-17
1695,76,POPLATEK MESICNE,1993-01-03
931,59,POPLATEK MESICNE,1993-10-15
1992,48,POPLATEK MESICNE,1997-09-27
3742,59,POPLATEK MESICNE,1997-05-11
3012,49,POPLATEK MESICNE,1997-04-18
3746,70,POPLATEK MESICNE,1996-06-04
756,65,POPLATEK MESICNE,1995-01-13
3238,47,POPLATEK MESICNE,1996-01-07
65,36,POPLATEK MESICNE,1996-10-29
3878,23,POPLATEK MESICNE,1994-10-07
1680,59,POPLATEK MESICNE,1993-12-10
1360,71,POPLATEK MESICNE,1994-08-14
335,74,POPLATEK MESICNE,1996-01-20
2716,66,POPLATEK MESICNE,1996-01-08
2891,42,POPLATEK MESICNE,1997-05-28
2298,31,POPLATEK MESICNE,1993-07-03
841,1,POPLATEK MESICNE,1993-11-04
4186,1,POPLATEK MESICNE,1996-08-25
950,49,POPLATEK MESICNE,1993-08-26
2439,74,POPLATEK MESICNE,1996-08-13
227,27,POPLATEK MESICNE,1995-03-28
1392,60,POPLATEK MESICNE,1993-04-28
1482,38,POPLATEK MESICNE,1996-12-08
10022,1,POPLATEK MESICNE,1997-05-07
3172,77,POPLATEK MESICNE,1997-05-27
434,1,POPLATEK MESICNE,1996-12-24
3445,1,POPLATEK MESICNE,1994-02-22
2514,16,POPLATEK MESICNE,1995-08-13
209,37,POPLATEK MESICNE,1996-11-24
3183,45,POPLATEK MESICNE,1994-04-01
3777,70,POPLATEK MESICNE,1995-01-19
3041,70,POPLATEK MESICNE,1996-04-04
2510,61,POPLATEK MESICNE,1993-08-28
2300,36,POPLATEK MESICNE,1997-01-13
2104,48,POPLATEK MESICNE,1996-06-12
1810,50,POPLATEK MESICNE,1995-09-03
3926,72,POPLATEK MESICNE,1994-09-11
1469,67,POPLATEK MESICNE,1995-12-15
3635,10,POPLATEK MESICNE,1997-05-04
3715,74,POPLATEK MESICNE,1997-11-27
104,37,POPLATEK MESICNE,1993-04-15
149,43,POPLATEK MESICNE,1997-11-16
1234,6,POPLATEK MESICNE,1993-09-13
6924,74,POPLATEK MESICNE,1994-06-01
2343,68,POPLATEK MESICNE,1994-12-09
1359,8,POPLATEK MESICNE,1993-12-02
4245,52,POPLATEK MESICNE,1994-05-02
1111,5,POPLATEK MESICNE,1996-02-16
790,54,POPLATEK MESICNE,1993-05-11
2658,27,POPLATEK MESICNE,1997-11-14
2441,47,POPLATEK MESICNE,1996-12-22
2989,4,POPLATEK MESICNE,1993-11-28
2235,45,POPLATEK MESICNE,1995-10-22
522,17,POPLATEK MESICNE,1995-12-20
1585,42,POPLATEK MESICNE,1996-02-23
5708,64,POPLATEK TYDNE,1997-10-12
1955,49,POPLATEK MESICNE,1995-01-07
1268,74,POPLATEK MESICNE,1993-07-25
3380,64,POPLATEK MESICNE,1993-12-10
2586,57,POPLATEK MESICNE,1997-04-16
7618,72,POPLATEK TYDNE,1995-06-13
9750,74,POPLATEK MESICNE,1994-05-16
1708,22,POPLATEK MESICNE,1994-11-21
3538,58,POPLATEK MESICNE,1993-08-08
160,23,POPLATEK MESICNE,1993-09-04
2307,60,POPLATEK MESICNE,1995-07-12
3427,36,POPLATEK MESICNE,1996-08-23
1473,39,POPLATEK MESICNE,1996-04-16
5250,8,POPLATEK TYDNE,1996-07-20
479,1,POPLATEK MESICNE,1995-11-05
4448,60,POPLATEK MESICNE,1993-06-02
216,38,POPLATEK MESICNE,1994-05-16
1248,22,POPLATEK MESICNE,1995-04-29
3600,27,POPLATEK MESICNE,1993-08-10
255,68,POPLATEK MESICNE,1996-11-03
1136,12,POPLATEK MESICNE,1993-08-07
1494,1,POPLATEK MESICNE,1997-10-08
4907,42,POPLATEK MESICNE,1994-02-06
676,39,POPLATEK MESICNE,1995-09-22
3463,38,POPLATEK MESICNE,1997-09-21
2302,24,POPLATEK MESICNE,1993-09-10
3276,1,POPLATEK MESICNE,1997-12-29
396,21,POPLATEK MESICNE,1993-03-08
879,9,POPLATEK MESICNE,1997-06-04
2449,23,POPLATEK MESICNE,1997-08-05
3024,1,POPLATEK MESICNE,1996-12-18
6706,38,POPLATEK MESICNE,1996-12-28
407,72,POPLATEK TYDNE,1997-04-18
2831,1,POPLATEK MESICNE,1997-11-10
654,63,POPLATEK MESICNE,1994-10-16
3586,59,POPLATEK MESICNE,1993-03-27
3029,42,POPLATEK MESICNE,1996-12-24
1559,14,POPLATEK MESICNE,1994-10-08
1781,10,POPLATEK MESICNE,1996-06-23
2476,32,POPLATEK MESICNE,1993-12-12
390,44,POPLATEK MESICNE,1996-02-16
1751,53,POPLATEK MESICNE,1996-10-04
1558,32,POPLATEK MESICNE,1996-10-06
4026,58,POPLATEK MESICNE,1997-02-06
9528,19,POPLATEK MESICNE,1996-11-07
2295,57,POPLATEK MESICNE,1996-06-25
5267,4,POPLATEK MESICNE,1996-01-12
2467,33,POPLATEK MESICNE,1993-05-29
2869,68,POPLATEK MESICNE,1996-09-27
759,23,POPLATEK MESICNE,1993-08-01
3673,30,POPLATEK MESICNE,1996-01-12
1087,55,POPLATEK MESICNE,1996-06-26
204,67,POPLATEK MESICNE,1996-01-13
1058,47,POPLATEK MESICNE,1996-06-11
1015,1,POPLATEK MESICNE,1997-06-14
1729,53,POPLATEK MESICNE,1997-09-08
4356,47,POPLATEK MESICNE,1994-01-26
2749,1,POPLATEK MESICNE,1994-05-23
8092,54,POPLATEK MESICNE,1995-01-11
3800,30,POPLATEK MESICNE,1996-09-16
3335,35,POPLATEK MESICNE,1996-02-18
1271,17,POPLATEK MESICNE,1996-06-18
5927,15,POPLATEK MESICNE,1993-11-26
7815,19,POPLATEK TYDNE,1995-04-09
7774,74,POPLATEK PO OBRATU,1993-09-14
1244,68,POPLATEK MESICNE,1996-05-08
73,72,POPLATEK MESICNE,1993-11-08
2135,51,POPLATEK MESICNE,1997-06-17
1289,72,POPLATEK MESICNE,1996-07-07
1024,19,POPLATEK MESICNE,1997-05-02
10670,60,POPLATEK MESICNE,1993-11-18
5120,1,POPLATEK MESICNE,1993-06-21
2271,68,POPLATEK MESICNE,1993-11-13
884,2,POPLATEK MESICNE,1993-12-07
8212,52,POPLATEK PO OBRATU,1993-08-21
177,1,POPLATEK MESICNE,1997-09-26
853,1,POPLATEK MESICNE,1996-03-20
1156,59,POPLATEK MESICNE,1997-12-09
1106,20,POPLATEK TYDNE,1993-08-29
3143,38,POPLATEK MESICNE,1996-10-18
4379,44,POPLATEK MESICNE,1996-06-28
9897,1,POPLATEK MESICNE,1995-03-04
6495,6,POPLATEK MESICNE,1996-07-23
1292,3,POPLATEK MESICNE,1994-09-03
785,21,POPLATEK TYDNE,1997-08-09
2301,22,POPLATEK MESICNE,1995-10-10
3116,54,POPLATEK MESICNE,1996-04-05
2493,62,POPLATEK MESICNE,1993-03-29
85,68,POPLATEK MESICNE,1997-03-23
307,26,POPLATEK MESICNE,1997-08-07
2490,22,POPLATEK MESICNE,1995-02-21
3101,1,POPLATEK MESICNE,1994-02-27
3076,54,POPLATEK MESICNE,1993-03-27
1073,73,POPLATEK MESICNE,1994-02-27
625,70,POPLATEK MESICNE,1995-07-12
3542,49,POPLATEK MESICNE,1993-06-11
556,12,POPLATEK MESICNE,1997-06-26
3110,48,POPLATEK MESICNE,1997-01-12
131,52,POPLATEK MESICNE,1995-06-13
162,60,POPLATEK MESICNE,1993-08-25
3359,8,POPLATEK MESICNE,1996-07-30
2069,72,POPLATEK MESICNE,1997-10-08
3861,2,POPLATEK MESICNE,1997-01-30
2951,44,POPLATEK MESICNE,1993-09-06
2597,31,POPLATEK MESICNE,1997-03-16
9631,11,POPLATEK MESICNE,1996-06-25
2861,38,POPLATEK MESICNE,1993-02-10
1125,1,POPLATEK TYDNE,1997-11-21
3322,65,POPLATEK TYDNE,1996-03-20
846,72,POPLATEK MESICNE,1996-03-09
9,70,POPLATEK MESICNE,1993-01-27
560,36,POPLATEK MESICNE,1995-08-20
3152,1,POPLATEK MESICNE,1993-07-16
1160,39,POPLATEK TYDNE,1996-07-29
1876,1,POPLATEK MESICNE,1997-09-20
1717,67,POPLATEK MESICNE,1997-12-02
1321,60,POPLATEK MESICNE,1997-03-27
2957,25,POPLATEK MESICNE,1995-07-28
3324,3,POPLATEK MESICNE,1997-10-17
2698,49,POPLATEK MESICNE,1997-05-21
3096,68,POPLATEK MESICNE,1993-06-29
3449,1,POPLATEK MESICNE,1995-04-27
1870,10,POPLATEK MESICNE,1994-06-25
1391,15,POPLATEK MESICNE,1996-12-21
326,61,POPLATEK MESICNE,1997-08-06
9828,11,POPLATEK MESICNE,1993-05-20
1037,1,POPLATEK MESICNE,1997-02-18
9377,1,POPLATEK MESICNE,1995-09-17
3134,48,POPLATEK MESICNE,1994-04-29
2842,14,POPLATEK MESICNE,1993-12-29
8772,1,POPLATEK MESICNE,1996-05-16
2645,54,POPLATEK MESICNE,1993-05-22
3177,74,POPLATEK MESICNE,1996-11-12
1683,77,POPLATEK MESICNE,1996-11-01
1578,48,POPLATEK MESICNE,1994-12-01
1370,52,POPLATEK MESICNE,1996-09-25
195,70,POPLATEK MESICNE,1997-02-27
218,68,POPLATEK MESICNE,1996-02-06
430,54,POPLATEK MESICNE,1995-09-02
581,26,POPLATEK MESICNE,1996-10-13
322,1,POPLATEK MESICNE,1993-02-20
1323,43,POPLATEK MESICNE,1996-05-20
179,1,POPLATEK TYDNE,1997-09-22
1293,40,POPLATEK MESICNE,1996-09-03
9859,27,POPLATEK MESICNE,1996-07-08
1967,26,POPLATEK TYDNE,1995-02-13
2334,50,POPLATEK MESICNE,1996-03-19
1771,69,POPLATEK MESICNE,1993-03-28
9337,30,POPLATEK MESICNE,1993-09-13
224,15,POPLATEK MESICNE,1996-10-27
2762,19,POPLATEK MESICNE,1993-03-20
90,1,POPLATEK MESICNE,1994-07-13
830,74,POPLATEK MESICNE,1993-02-08
690,10,POPLATEK MESICNE,1996-07-11
1498,62,POPLATEK TYDNE,1997-02-07
8114,59,POPLATEK MESICNE,1995-10-14
7824,60,POPLATEK MESICNE,1994-05-17
1875,44,POPLATEK MESICNE,1993-08-21
1567,10,POPLATEK MESICNE,1997-08-19
843,6,POPLATEK MESICNE,1997-04-09
191,41,POPLATEK MESICNE,1997-03-17
10710,19,POPLATEK MESICNE,1995-10-30
453,75,POPLATEK MESICNE,1997-04-24
6030,47,POPLATEK MESICNE,1993-08-24
3736,54,POPLATEK MESICNE,1996-05-08
3783,40,POPLATEK MESICNE,1995-11-29
2791,25,POPLATEK MESICNE,1997-12-19
4293,64,POPLATEK PO OBRATU,1996-02-04
199,70,POPLATEK MESICNE,1996-10-26
1648,40,POPLATEK MESICNE,1997-08-08
4150,65,POPLATEK MESICNE,1997-07-05
295,66,POPLATEK MESICNE,1997-11-23
385,5,POPLATEK MESICNE,1993-04-07
2182,22,POPLATEK MESICNE,1997-07-12
286,71,POPLATEK MESICNE,1996-03-27
9790,52,POPLATEK MESICNE,1995-11-09
7401,1,POPLATEK MESICNE,1993-02-26
9140,32,POPLATEK MESICNE,1997-08-18
2010,1,POPLATEK MESICNE,1993-12-27
4585,27,POPLATEK MESICNE,1996-06-08
386,1,POPLATEK MESICNE,1997-08-11
2500,61,POPLATEK MESICNE,1995-10-26
234,73,POPLATEK MESICNE,1993-07-15
2203,47,POPLATEK MESICNE,1995-04-04
3876,69,POPLATEK MESICNE,1994-02-13
2868,1,POPLATEK MESICNE,1994-06-15
1417,75,POPLATEK MESICNE,1994-12-20
484,1,POPLATEK MESICNE,1995-01-20
1969,5,POPLATEK MESICNE,1994-04-02
577,29,POPLATEK MESICNE,1994-09-20
874,56,POPLATEK TYDNE,1996-03-23
623,1,POPLATEK MESICNE,1993-03-24
3834,54,POPLATEK MESICNE,1993-01-19
770,7,POPLATEK MESICNE,1996-09-24
1222,66,POPLATEK MESICNE,1993-01-20
1066,16,POPLATEK TYDNE,1996-09-15
2604,68,POPLATEK MESICNE,1996-07-04
8742,70,POPLATEK MESICNE,1997-01-28
2761,1,POPLATEK MESICNE,1996-12-26
7542,54,POPLATEK MESICNE,1996-05-16
2884,1,POPLATEK MESICNE,1993-02-08
4260,56,POPLATEK MESICNE,1993-10-14
205,1,POPLATEK MESICNE,1997-10-08
2118,42,POPLATEK MESICNE,1997-05-11
1324,42,POPLATEK MESICNE,1996-11-05
331,65,POPLATEK MESICNE,1995-10-02
2314,2,POPLATEK MESICNE,1996-09-07
655,53,POPLATEK MESICNE,1993-03-24
2385,60,POPLATEK MESICNE,1996-11-15
2805,39,POPLATEK MESICNE,1996-05-20
122,31,POPLATEK MESICNE,1996-10-30
2489,72,POPLATEK MESICNE,1993-03-09
2431,74,POPLATEK MESICNE,1995-02-23
6273,38,POPLATEK MESICNE,1993-07-21
2816,74,POPLATEK MESICNE,1997-05-04
3702,53,POPLATEK MESICNE,1995-04-13
1980,49,POPLATEK MESICNE,1996-03-16
1483,10,POPLATEK MESICNE,1996-01-09
2555,53,POPLATEK MESICNE,1993-03-10
1762,28,POPLATEK MESICNE,1993-12-11
2035,53,POPLATEK MESICNE,1996-05-10
1860,70,POPLATEK MESICNE,1997-01-02
3676,58,POPLATEK MESICNE,1996-06-08
3807,53,POPLATEK MESICNE,1995-09-05
3304,36,POPLATEK MESICNE,1997-01-16
3376,58,POPLATEK MESICNE,1996-11-17
7136,12,POPLATEK TYDNE,1995-04-09
2889,8,POPLATEK MESICNE,1996-03-23
472,8,POPLATEK MESICNE,1996-10-11
2840,15,POPLATEK MESICNE,1994-10-09
7894,27,POPLATEK MESICNE,1996-04-09
629,31,POPLATEK MESICNE,1994-07-25
9307,68,POPLATEK MESICNE,1993-01-24
1667,56,POPLATEK MESICNE,1996-08-18
2000,5,POPLATEK MESICNE,1997-08-06
1236,19,POPLATEK MESICNE,1993-05-05
8320,51,POPLATEK MESICNE,1997-01-19
270,27,POPLATEK MESICNE,1995-01-23
2400,40,POPLATEK MESICNE,1996-06-15
537,34,POPLATEK MESICNE,1997-01-08
1181,69,POPLATEK MESICNE,1997-08-20
1831,1,POPLATEK MESICNE,1993-09-21
2953,1,POPLATEK MESICNE,1996-09-02
2572,64,POPLATEK PO OBRATU,1994-11-13
8475,4,POPLATEK MESICNE,1993-09-08
3648,61,POPLATEK MESICNE,1996-05-06
2568,17,POPLATEK MESICNE,1994-03-02
1911,68,POPLATEK MESICNE,1994-08-21
626,72,POPLATEK MESICNE,1993-11-11
2260,1,POPLATEK MESICNE,1994-06-07
10068,1,POPLATEK MESICNE,1997-04-02
3316,28,POPLATEK MESICNE,1993-05-06
2990,30,POPLATEK MESICNE,1996-09-16
446,50,POPLATEK MESICNE,1993-06-15
1077,14,POPLATEK MESICNE,1993-03-03
519,24,POPLATEK MESICNE,1993-11-12
368,77,POPLATEK MESICNE,1993-07-06
2671,1,POPLATEK MESICNE,1993-09-15
1674,1,POPLATEK MESICNE,1995-09-15
2913,8,POPLATEK MESICNE,1993-12-28
2588,5,POPLATEK MESICNE,1993-12-04
2232,1,POPLATEK MESICNE,1996-05-07
1614,63,POPLATEK MESICNE,1996-05-07
1082,2,POPLATEK MESICNE,1996-06-08
1241,53,POPLATEK MESICNE,1996-07-02
1790,70,POPLATEK MESICNE,1997-09-08
2305,1,POPLATEK MESICNE,1993-12-11
3010,46,POPLATEK MESICNE,1995-09-13
2278,1,POPLATEK MESICNE,1996-08-03
773,15,POPLATEK MESICNE,1993-06-19
1273,37,POPLATEK MESICNE,1994-03-25
3327,45,POPLATEK MESICNE,1993-04-16
3331,16,POPLATEK MESICNE,1997-02-20
1010,61,POPLATEK MESICNE,1995-05-01
2339,63,POPLATEK MESICNE,1996-09-22
3022,64,POPLATEK MESICNE,1996-10-30
10607,52,POPLATEK MESICNE,1996-10-08
3263,44,POPLATEK MESICNE,1996-03-07
374,38,POPLATEK MESICNE,1993-01-09
2996,54,POPLATEK MESICNE,1994-05-17
1326,52,POPLATEK MESICNE,1996-11-11
719,30,POPLATEK MESICNE,1993-12-21
3574,72,POPLATEK MESICNE,1997-03-08
1381,57,POPLATEK MESICNE,1993-11-01
5481,52,POPLATEK MESICNE,1993-08-16
3713,14,POPLATEK TYDNE,1993-06-08
2954,1,POPLATEK MESICNE,1997-04-08
3749,68,POPLATEK MESICNE,1996-08-10
11271,5,POPLATEK MESICNE,1995-09-20
1926,37,POPLATEK MESICNE,1993-01-06
1879,10,POPLATEK MESICNE,1994-05-13
349,72,POPLATEK MESICNE,1997-06-08
10520,55,POPLATEK PO OBRATU,1995-10-24
3292,1,POPLATEK MESICNE,1993-12-21
1164,35,POPLATEK MESICNE,1994-01-14
2125,43,POPLATEK TYDNE,1997-11-20
3133,66,POPLATEK MESICNE,1993-06-14
3806,36,POPLATEK MESICNE,1996-04-18
1184,14,POPLATEK MESICNE,1994-05-06
1435,1,POPLATEK MESICNE,1996-12-01
4086,66,POPLATEK MESICNE,1996-07-17
899,72,POPLATEK MESICNE,1993-06-21
5774,1,POPLATEK MESICNE,1995-06-08
2017,54,POPLATEK MESICNE,1996-02-21
616,43,POPLATEK MESICNE,1993-10-14
921,10,POPLATEK MESICNE,1996-10-08
1221,45,POPLATEK MESICNE,1997-01-02
3813,1,POPLATEK MESICNE,1997-10-09
1301,18,POPLATEK MESICNE,1994-09-15
1006,6,POPLATEK MESICNE,1993-02-08
1752,68,POPLATEK MESICNE,1996-05-08
474,61,POPLATEK MESICNE,1995-12-06
2969,29,POPLATEK MESICNE,1995-05-26
1118,48,POPLATEK MESICNE,1993-07-04
4266,54,POPLATEK MESICNE,1997-02-05
3950,48,POPLATEK MESICNE,1997-09-01
15,70,POPLATEK MESICNE,1993-10-02
2709,2,POPLATEK MESICNE,1996-10-18
2639,17,POPLATEK MESICNE,1993-04-26
3455,34,POPLATEK MESICNE,1996-03-13
1593,16,POPLATEK MESICNE,1996-08-22
10807,34,POPLATEK MESICNE,1996-03-13
378,68,POPLATEK MESICNE,1996-07-22
1509,51,POPLATEK MESICNE,1994-05-19
7520,9,POPLATEK MESICNE,1996-03-29
2199,1,POPLATEK MESICNE,1993-08-04
1839,5,POPLATEK MESICNE,1997-06-22
3524,66,POPLATEK MESICNE,1997-06-28
1940,52,POPLATEK MESICNE,1993-12-22
1265,49,POPLATEK MESICNE,1996-02-25
595,20,POPLATEK MESICNE,1996-12-21
2223,44,POPLATEK MESICNE,1996-01-05
4439,30,POPLATEK MESICNE,1995-12-25
2980,66,POPLATEK MESICNE,1993-12-09
870,70,POPLATEK MESICNE,1995-03-27
1049,18,POPLATEK MESICNE,1997-12-04
3077,64,POPLATEK MESICNE,1997-04-16
2916,6,POPLATEK MESICNE,1996-12-03
515,57,POPLATEK MESICNE,1995-02-09
2681,28,POPLATEK MESICNE,1995-01-19
3661,50,POPLATEK MESICNE,1996-01-11
3816,25,POPLATEK MESICNE,1996-04-21
2290,37,POPLATEK MESICNE,1996-10-22
2354,7,POPLATEK MESICNE,1997-03-17
2061,24,POPLATEK MESICNE,1993-05-12
1177,27,POPLATEK MESICNE,1997-12-20
3191,72,POPLATEK MESICNE,1996-09-17
3182,6,POPLATEK MESICNE,1996-12-20
532,26,POPLATEK MESICNE,1995-09-02
413,18,POPLATEK MESICNE,1996-07-09
1107,42,POPLATEK MESICNE,1993-09-08
3932,74,POPLATEK MESICNE,1996-07-25
3153,2,POPLATEK MESICNE,1996-07-05
1905,34,POPLATEK MESICNE,1996-05-25
1789,46,POPLATEK MESICNE,1993-10-23
4437,40,POPLATEK MESICNE,1993-09-24
2773,38,POPLATEK MESICNE,1996-06-23
2539,24,POPLATEK MESICNE,1997-04-24
6686,61,POPLATEK MESICNE,1996-02-10
2836,42,POPLATEK MESICNE,1995-11-18
4519,8,POPLATEK MESICNE,1994-06-08
2333,45,POPLATEK MESICNE,1994-10-08
3933,61,POPLATEK MESICNE,1996-02-11
1296,50,POPLATEK MESICNE,1996-12-02
454,7,POPLATEK MESICNE,1995-05-07
3893,42,POPLATEK MESICNE,1996-12-13
3764,69,POPLATEK MESICNE,1995-11-05
1577,67,POPLATEK MESICNE,1996-10-16
1757,75,POPLATEK MESICNE,1995-03-27
3296,67,POPLATEK MESICNE,1996-03-15
1348,55,POPLATEK MESICNE,1997-11-12
2434,17,POPLATEK MESICNE,1993-02-02
1896,74,POPLATEK MESICNE,1993-10-05
5001,53,POPLATEK MESICNE,1995-12-15
1235,76,POPLATEK MESICNE,1993-11-23
1705,70,POPLATEK MESICNE,1993-09-15
7733,19,POPLATEK TYDNE,1996-07-08
1327,65,POPLATEK MESICNE,1994-08-24
8547,14,POPLATEK TYDNE,1995-07-17
1997,74,POPLATEK MESICNE,1996-09-05
1534,1,POPLATEK MESICNE,1993-05-24
2543,68,POPLATEK MESICNE,1993-02-13
1286,66,POPLATEK PO OBRATU,1993-11-23
8489,19,POPLATEK MESICNE,1993-09-18
677,70,POPLATEK MESICNE,1997-09-13
1302,55,POPLATEK MESICNE,1993-11-21
3492,33,POPLATEK MESICNE,1995-09-10
1090,69,POPLATEK MESICNE,1996-10-19
1206,70,POPLATEK MESICNE,1995-10-21
1836,42,POPLATEK MESICNE,1996-02-15
10973,18,POPLATEK TYDNE,1993-04-20
3710,1,POPLATEK MESICNE,1995-02-25
347,65,POPLATEK MESICNE,1993-12-13
1047,46,POPLATEK MESICNE,1994-06-13
1590,77,POPLATEK MESICNE,1995-04-07
3758,38,POPLATEK MESICNE,1995-09-19
3801,1,POPLATEK MESICNE,1996-06-20
241,15,POPLATEK MESICNE,1996-09-29
10036,1,POPLATEK MESICNE,1993-09-13
3259,1,POPLATEK MESICNE,1994-04-11
2480,35,POPLATEK MESICNE,1997-09-07
2115,8,POPLATEK MESICNE,1996-12-05
1126,56,POPLATEK MESICNE,1993-03-08
1804,20,POPLATEK TYDNE,1993-09-23
1587,1,POPLATEK MESICNE,1996-12-11
1223,70,POPLATEK MESICNE,1996-08-10
794,63,POPLATEK MESICNE,1997-04-24
544,32,POPLATEK MESICNE,1995-05-15
3241,44,POPLATEK MESICNE,1993-07-16
34,67,POPLATEK TYDNE,1993-09-17
9138,26,POPLATEK MESICNE,1996-07-18
4358,5,POPLATEK MESICNE,1997-02-12
3756,39,POPLATEK TYDNE,1994-10-17
6062,24,POPLATEK MESICNE,1996-08-28
8260,31,POPLATEK MESICNE,1993-03-24
2406,5,POPLATEK MESICNE,1996-03-22
2464,33,POPLATEK PO OBRATU,1993-07-02
783,1,POPLATEK MESICNE,1997-09-08
772,45,POPLATEK MESICNE,1993-01-21
3108,53,POPLATEK MESICNE,1993-03-14
5661,53,POPLATEK MESICNE,1995-12-20
3889,16,POPLATEK MESICNE,1997-07-03
2837,46,POPLATEK MESICNE,1996-06-02
2974,9,POPLATEK MESICNE,1993-03-13
834,3,POPLATEK MESICNE,1997-05-23
1617,45,POPLATEK MESICNE,1993-06-01
1147,44,POPLATEK MESICNE,1993-04-10
3131,21,POPLATEK MESICNE,1995-10-23
3957,33,POPLATEK TYDNE,1996-06-13
2900,20,POPLATEK MESICNE,1997-05-14
823,71,POPLATEK MESICNE,1997-09-19
3362,73,POPLATEK MESICNE,1995-01-25
3545,51,POPLATEK MESICNE,1993-02-17
243,55,POPLATEK TYDNE,1993-11-06
1091,16,POPLATEK MESICNE,1993-09-09
3855,33,POPLATEK MESICNE,1995-09-04
2484,74,POPLATEK MESICNE,1993-01-03
428,1,POPLATEK MESICNE,1993-02-27
181,21,POPLATEK MESICNE,1996-06-11
3885,51,POPLATEK MESICNE,1997-04-01
3155,28,POPLATEK MESICNE,1996-08-29
6440,1,POPLATEK MESICNE,1996-11-01
1399,45,POPLATEK MESICNE,1996-05-20
2206,45,POPLATEK MESICNE,1995-08-10
1503,71,POPLATEK MESICNE,1996-04-10
1080,55,POPLATEK MESICNE,1993-12-27
1893,48,POPLATEK MESICNE,1996-07-20
2933,10,POPLATEK MESICNE,1993-06-18
1880,76,POPLATEK MESICNE,1994-02-25
3584,55,POPLATEK MESICNE,1996-06-12
2866,43,POPLATEK MESICNE,1995-09-13
3326,5,POPLATEK MESICNE,1993-11-11
2801,11,POPLATEK MESICNE,1996-09-23
712,72,POPLATEK MESICNE,1996-12-01
885,1,POPLATEK MESICNE,1993-06-25
1170,25,POPLATEK MESICNE,1996-03-26
2928,55,POPLATEK MESICNE,1993-12-14
2925,1,POPLATEK MESICNE,1993-01-10
3540,18,POPLATEK MESICNE,1997-01-03
45,64,POPLATEK MESICNE,1997-09-02
591,1,POPLATEK MESICNE,1997-08-12
2422,27,POPLATEK MESICNE,1997-08-29
3051,9,POPLATEK MESICNE,1996-01-01
6636,72,POPLATEK TYDNE,1993-08-04
1986,46,POPLATEK MESICNE,1995-04-04
4156,42,POPLATEK MESICNE,1997-06-27
9403,1,POPLATEK TYDNE,1993-03-27
6040,1,POPLATEK MESICNE,1993-04-22
5269,49,POPLATEK MESICNE,1996-07-04
267,38,POPLATEK MESICNE,1995-04-26
3693,61,POPLATEK MESICNE,1993-01-29
1857,37,POPLATEK MESICNE,1997-08-18
10436,60,POPLATEK MESICNE,1996-03-21
3945,50,POPLATEK MESICNE,1995-11-07
911,60,POPLATEK MESICNE,1996-08-12
10404,1,POPLATEK MESICNE,1996-12-30
1377,1,POPLATEK MESICNE,1996-09-25
2882,44,POPLATEK MESICNE,1996-07-20
342,64,POPLATEK MESICNE,1996-10-13
2540,54,POPLATEK MESICNE,1995-04-01
3037,44,POPLATEK MESICNE,1994-05-26
2813,24,POPLATEK MESICNE,1993-12-15
844,53,POPLATEK MESICNE,1994-04-28
7082,57,POPLATEK MESICNE,1996-09-06
2393,10,POPLATEK MESICNE,1993-01-07
3888,39,POPLATEK MESICNE,1993-05-27
4171,28,POPLATEK MESICNE,1993-06-12
3251,59,POPLATEK MESICNE,1995-05-18
2022,72,POPLATEK MESICNE,1993-06-11
2378,16,POPLATEK MESICNE,1993-01-01
649,69,POPLATEK TYDNE,1994-05-17
6511,72,POPLATEK MESICNE,1994-06-10
1971,41,POPLATEK MESICNE,1995-08-04
2743,51,POPLATEK MESICNE,1997-05-22
5180,54,POPLATEK MESICNE,1997-02-24
345,5,POPLATEK MESICNE,1993-11-20
2944,22,POPLATEK MESICNE,1996-01-11
553,26,POPLATEK MESICNE,1995-06-06
4342,74,POPLATEK MESICNE,1996-04-29
107,64,POPLATEK MESICNE,1993-11-05
2856,25,POPLATEK MESICNE,1995-03-18
7274,11,POPLATEK MESICNE,1997-09-28
2042,31,POPLATEK MESICNE,1997-02-12
1072,65,POPLATEK MESICNE,1997-12-09
2531,51,POPLATEK MESICNE,1996-12-21
7721,13,POPLATEK MESICNE,1997-07-03
2718,29,POPLATEK MESICNE,1995-02-05
3536,24,POPLATEK MESICNE,1994-08-11
2470,16,POPLATEK MESICNE,1994-07-23
692,69,POPLATEK MESICNE,1996-10-02
520,60,POPLATEK MESICNE,1993-11-04
2562,35,POPLATEK MESICNE,1995-08-15
372,55,POPLATEK MESICNE,1995-09-10
1863,62,POPLATEK MESICNE,1997-04-01
2169,57,POPLATEK MESICNE,1997-07-09
10220,44,POPLATEK MESICNE,1996-08-26
10799,76,POPLATEK MESICNE,1997-08-19
526,67,POPLATEK MESICNE,1996-07-16
954,74,POPLATEK MESICNE,1996-01-08
850,25,POPLATEK MESICNE,1997-03-07
3092,46,POPLATEK MESICNE,1995-12-20
3907,37,POPLATEK MESICNE,1996-04-18
3428,27,POPLATEK MESICNE,1997-07-12
6609,16,POPLATEK MESICNE,1995-03-27
3712,3,POPLATEK MESICNE,1994-09-13
2789,14,POPLATEK MESICNE,1994-01-01
632,29,POPLATEK MESICNE,1996-05-14
2311,28,POPLATEK MESICNE,1997-10-19
1225,4,POPLATEK MESICNE,1993-12-14
980,1,POPLATEK MESICNE,1996-12-11
7857,75,POPLATEK MESICNE,1993-08-04
4269,26,POPLATEK MESICNE,1995-12-24
1827,10,POPLATEK MESICNE,1993-09-06
7765,52,POPLATEK TYDNE,1994-07-10
108,53,POPLATEK MESICNE,1995-03-10
13,76,POPLATEK MESICNE,1997-08-17
1303,23,POPLATEK MESICNE,1997-09-08
4948,43,POPLATEK MESICNE,1995-07-29
1848,1,POPLATEK MESICNE,1994-08-04
185,32,POPLATEK MESICNE,1997-07-04
1555,34,POPLATEK MESICNE,1996-11-10
1075,35,POPLATEK MESICNE,1995-07-13
2803,58,POPLATEK MESICNE,1995-12-01
2796,5,POPLATEK TYDNE,1997-12-08
230,1,POPLATEK MESICNE,1996-02-26
1832,70,POPLATEK MESICNE,1996-04-01
2025,19,POPLATEK MESICNE,1994-10-02
1900,27,POPLATEK MESICNE,1996-07-27
3431,64,POPLATEK MESICNE,1996-09-21
728,60,POPLATEK MESICNE,1995-11-28
594,54,POPLATEK MESICNE,1994-12-09
3314,25,POPLATEK MESICNE,1996-10-14
1742,68,POPLATEK MESICNE,1995-10-08
1747,30,POPLATEK MESICNE,1997-08-14
2911,33,POPLATEK MESICNE,1995-02-25
1253,5,POPLATEK MESICNE,1997-04-13
3121,46,POPLATEK MESICNE,1996-03-08
1105,55,POPLATEK MESICNE,1994-09-01
1172,6,POPLATEK MESICNE,1997-10-25
1513,30,POPLATEK MESICNE,1993-08-23
3366,68,POPLATEK MESICNE,1996-03-02
3088,18,POPLATEK MESICNE,1996-03-08
1217,69,POPLATEK MESICNE,1993-10-25
2013,54,POPLATEK MESICNE,1996-08-15
3735,1,POPLATEK MESICNE,1995-04-27
9017,70,POPLATEK MESICNE,1995-11-22
647,1,POPLATEK MESICNE,1997-04-28
603,62,POPLATEK MESICNE,1996-06-11
1488,25,POPLATEK MESICNE,1997-04-29
685,37,POPLATEK TYDNE,1995-01-04
4349,74,POPLATEK MESICNE,1996-09-16
166,17,POPLATEK MESICNE,1996-08-20
872,27,POPLATEK MESICNE,1997-01-18
930,41,POPLATEK MESICNE,1993-08-03
2668,21,POPLATEK MESICNE,1997-05-20
1284,55,POPLATEK MESICNE,1997-07-02
3921,18,POPLATEK MESICNE,1994-07-17
2482,1,POPLATEK MESICNE,1994-02-23
2128,22,POPLATEK MESICNE,1993-12-10
858,52,POPLATEK MESICNE,1996-07-13
2063,1,POPLATEK MESICNE,1993-12-04
2369,49,POPLATEK MESICNE,1997-07-19
1999,70,POPLATEK MESICNE,1993-06-06
309,14,POPLATEK MESICNE,1997-04-25
9030,72,POPLATEK MESICNE,1995-01-21
103,44,POPLATEK MESICNE,1996-03-10
1231,7,POPLATEK MESICNE,1994-01-18
1504,1,POPLATEK MESICNE,1996-08-26
11382,74,POPLATEK MESICNE,1995-08-20
256,37,POPLATEK MESICNE,1995-05-14
1532,54,POPLATEK MESICNE,1996-09-19
2846,1,POPLATEK MESICNE,1997-09-27
1719,1,POPLATEK MESICNE,1993-09-06
2754,57,POPLATEK TYDNE,1996-01-26
3652,36,POPLATEK MESICNE,1997-03-02
1249,67,POPLATEK MESICNE,1995-03-30
1334,74,POPLATEK MESICNE,1993-05-14
371,12,POPLATEK MESICNE,1996-08-02
798,1,POPLATEK MESICNE,1996-04-22
1336,5,POPLATEK MESICNE,1997-02-26
305,34,POPLATEK MESICNE,1996-10-18
9548,62,POPLATEK MESICNE,1996-06-07
1925,12,POPLATEK MESICNE,1993-08-03
3954,22,POPLATEK MESICNE,1993-06-25
2621,55,POPLATEK MESICNE,1995-10-29
488,25,POPLATEK MESICNE,1996-06-20
2194,54,POPLATEK MESICNE,1997-02-25
4093,1,POPLATEK MESICNE,1993-03-25
3751,9,POPLATEK MESICNE,1993-09-15
1813,47,POPLATEK MESICNE,1994-02-11
2584,50,POPLATEK MESICNE,1993-07-08
1096,34,POPLATEK MESICNE,1997-03-03
31,68,POPLATEK MESICNE,1994-04-27
1124,26,POPLATEK MESICNE,1996-06-02
2917,68,POPLATEK MESICNE,1996-08-08
3287,18,POPLATEK MESICNE,1993-07-26
3156,1,POPLATEK PO OBRATU,1997-11-16
919,62,POPLATEK MESICNE,1997-03-03
1330,68,POPLATEK MESICNE,1996-10-22
188,54,POPLATEK MESICNE,1993-04-20
2656,1,POPLATEK MESICNE,1997-02-18
923,13,POPLATEK MESICNE,1996-02-07
2782,1,POPLATEK MESICNE,1997-02-27
2075,33,POPLATEK MESICNE,1996-01-01
10079,62,POPLATEK MESICNE,1993-05-06
4470,16,POPLATEK MESICNE,1993-11-01
2468,4,POPLATEK MESICNE,1996-07-13
6397,48,POPLATEK MESICNE,1995-03-15
5794,70,POPLATEK MESICNE,1995-07-14
78,74,POPLATEK MESICNE,1993-07-07
467,74,POPLATEK MESICNE,1993-09-24
2244,46,POPLATEK MESICNE,1995-07-19
1277,31,POPLATEK MESICNE,1993-06-20
3151,6,POPLATEK MESICNE,1996-02-21
2258,3,POPLATEK MESICNE,1996-11-12
32,5,POPLATEK MESICNE,1995-08-28
3845,48,POPLATEK MESICNE,1995-05-14
1828,1,POPLATEK MESICNE,1994-09-28
3387,25,POPLATEK TYDNE,1996-12-28
1187,55,POPLATEK MESICNE,1996-07-28
55,20,POPLATEK MESICNE,1996-02-19
422,53,POPLATEK TYDNE,1994-08-29
1448,1,POPLATEK MESICNE,1995-10-07
2147,28,POPLATEK MESICNE,1996-07-10
458,7,POPLATEK MESICNE,1995-06-16
1737,77,POPLATEK MESICNE,1996-02-13
4774,66,POPLATEK MESICNE,1994-01-14
955,59,POPLATEK MESICNE,1996-07-08
3680,27,POPLATEK MESICNE,1996-02-16
5228,77,POPLATEK PO OBRATU,1993-06-23
3560,57,POPLATEK MESICNE,1996-11-10
2800,41,POPLATEK MESICNE,1997-05-08
945,18,POPLATEK MESICNE,1996-08-16
3056,55,POPLATEK MESICNE,1993-12-22
1673,53,POPLATEK MESICNE,1993-12-08
2747,1,POPLATEK MESICNE,1994-08-14
194,44,POPLATEK MESICNE,1996-08-01
3593,1,POPLATEK MESICNE,1993-02-18
338,49,POPLATEK MESICNE,1995-11-18
1944,72,POPLATEK MESICNE,1993-02-12
4386,51,POPLATEK TYDNE,1997-11-29
9703,68,POPLATEK MESICNE,1993-07-15
4354,38,POPLATEK MESICNE,1997-01-08
2326,70,POPLATEK MESICNE,1994-01-24
47,45,POPLATEK MESICNE,1993-08-08
1102,70,POPLATEK MESICNE,1996-02-19
1319,56,POPLATEK PO OBRATU,1997-08-08
1825,3,POPLATEK MESICNE,1995-12-05
7594,16,POPLATEK MESICNE,1996-02-16
842,62,POPLATEK MESICNE,1995-04-07
4204,21,POPLATEK MESICNE,1996-01-29
2609,73,POPLATEK MESICNE,1993-05-03
1868,16,POPLATEK TYDNE,1997-11-29
272,11,POPLATEK MESICNE,1996-10-23
7859,52,POPLATEK MESICNE,1995-03-14
6792,1,POPLATEK MESICNE,1996-05-11
682,54,POPLATEK MESICNE,1997-06-08
2487,42,POPLATEK MESICNE,1995-10-22
1242,74,POPLATEK PO OBRATU,1996-11-24
3027,62,POPLATEK MESICNE,1996-04-29
3375,9,POPLATEK MESICNE,1997-01-15
1411,54,POPLATEK MESICNE,1993-07-09
2088,4,POPLATEK MESICNE,1993-07-28
1285,65,POPLATEK MESICNE,1993-06-04
1915,2,POPLATEK MESICNE,1997-04-14
3138,37,POPLATEK MESICNE,1996-03-24
279,39,POPLATEK MESICNE,1993-04-14
1355,1,POPLATEK MESICNE,1997-08-16
59,43,POPLATEK MESICNE,1994-03-27
4534,63,POPLATEK MESICNE,1997-01-18
1408,10,POPLATEK MESICNE,1996-09-07
1525,57,POPLATEK MESICNE,1996-09-05
1261,52,POPLATEK MESICNE,1995-03-18
1596,70,POPLATEK MESICNE,1997-10-05
1817,10,POPLATEK MESICNE,1996-12-16
718,1,POPLATEK MESICNE,1996-03-03
1735,42,POPLATEK MESICNE,1996-12-04
3641,7,POPLATEK MESICNE,1995-01-09
2442,14,POPLATEK MESICNE,1997-08-21
302,7,POPLATEK MESICNE,1996-05-09
4047,45,POPLATEK TYDNE,1995-09-29
2654,56,POPLATEK MESICNE,1994-07-21
1356,39,POPLATEK MESICNE,1997-02-01
1250,62,POPLATEK MESICNE,1996-03-28
4454,63,POPLATEK MESICNE,1996-12-21
1511,51,POPLATEK PO OBRATU,1994-03-13
775,1,POPLATEK MESICNE,1994-12-18
5092,74,POPLATEK MESICNE,1993-12-21
3859,53,POPLATEK MESICNE,1996-04-23
1962,77,POPLATEK MESICNE,1996-02-24
3867,1,POPLATEK MESICNE,1997-07-19
4092,74,POPLATEK MESICNE,1996-03-13
1122,13,POPLATEK MESICNE,1995-08-12
9167,56,POPLATEK MESICNE,1997-04-02
2979,10,POPLATEK MESICNE,1997-11-22
2994,77,POPLATEK MESICNE,1996-05-03
7819,38,POPLATEK MESICNE,1993-08-01
1703,72,POPLATEK MESICNE,1997-11-02
3345,22,POPLATEK MESICNE,1993-12-08
7966,54,POPLATEK MESICNE,1996-12-27
523,1,POPLATEK MESICNE,1993-08-11
3917,1,POPLATEK MESICNE,1996-03-30
3779,74,POPLATEK MESICNE,1995-07-08
2196,11,POPLATEK MESICNE,1997-07-24
3301,14,POPLATEK MESICNE,1996-04-25
3686,77,POPLATEK MESICNE,1997-08-03
4332,74,POPLATEK MESICNE,1997-12-23
1070,62,POPLATEK MESICNE,1996-04-23
2341,33,POPLATEK MESICNE,1995-11-25
10105,55,POPLATEK MESICNE,1993-04-28
2267,54,POPLATEK TYDNE,1994-09-20
1562,1,POPLATEK MESICNE,1995-08-30
700,20,POPLATEK MESICNE,1994-06-01
3350,74,POPLATEK MESICNE,1996-07-13
4099,54,POPLATEK MESICNE,1996-05-26
1065,72,POPLATEK MESICNE,1993-03-27
2191,1,POPLATEK MESICNE,1996-08-08
2344,13,POPLATEK MESICNE,1996-07-02
2533,49,POPLATEK MESICNE,1995-06-27
1584,30,POPLATEK MESICNE,1993-05-27
1566,73,POPLATEK MESICNE,1993-07-07
261,54,POPLATEK MESICNE,1996-10-07
282,69,POPLATEK MESICNE,1997-05-12
1171,18,POPLATEK MESICNE,1997-12-20
67,16,POPLATEK MESICNE,1994-10-19
1670,12,POPLATEK MESICNE,1996-01-02
1635,19,POPLATEK MESICNE,1993-12-29
2371,15,POPLATEK TYDNE,1997-10-23
2881,70,POPLATEK MESICNE,1993-01-04
2546,1,POPLATEK MESICNE,1994-12-08
2411,69,POPLATEK MESICNE,1993-06-27
2793,47,POPLATEK MESICNE,1993-10-09
1487,66,POPLATEK MESICNE,1993-09-10
1662,1,POPLATEK MESICNE,1997-08-11
112,6,POPLATEK MESICNE,1993-03-12
2269,6,POPLATEK MESICNE,1993-11-04
1564,48,POPLATEK MESICNE,1996-03-05
534,1,POPLATEK MESICNE,1997-05-26
1728,74,POPLATEK MESICNE,1995-06-23
10644,16,POPLATEK MESICNE,1997-07-12
3868,43,POPLATEK MESICNE,1993-08-21
907,41,POPLATEK MESICNE,1993-07-09
4208,1,POPLATEK MESICNE,1997-04-08
951,3,POPLATEK MESICNE,1996-04-28
2460,1,POPLATEK MESICNE,1993-11-22
876,4,POPLATEK MESICNE,1997-10-26
376,25,POPLATEK MESICNE,1995-03-05
3697,45,POPLATEK MESICNE,1993-04-29
316,62,POPLATEK MESICNE,1997-05-08
1051,35,POPLATEK MESICNE,1993-10-21
1712,44,POPLATEK MESICNE,1996-11-25
1966,27,POPLATEK MESICNE,1993-02-12
9731,54,POPLATEK PO OBRATU,1994-12-01
800,11,POPLATEK MESICNE,1997-12-06
2033,71,POPLATEK MESICNE,1996-03-20
3415,75,POPLATEK MESICNE,1997-12-06
1816,44,POPLATEK MESICNE,1993-10-08
1434,70,POPLATEK MESICNE,1997-08-08
3195,40,POPLATEK MESICNE,1993-09-02
3336,51,POPLATEK MESICNE,1994-09-19
3987,25,POPLATEK MESICNE,1997-09-14
1833,54,POPLATEK MESICNE,1997-11-15
2551,5,POPLATEK MESICNE,1996-02-08
2209,65,POPLATEK MESICNE,1996-08-15
3245,45,POPLATEK MESICNE,1997-06-26
117,31,POPLATEK MESICNE,1993-09-05
3430,9,POPLATEK MESICNE,1996-12-10
1338,74,POPLATEK MESICNE,1993-01-11
62,47,POPLATEK MESICNE,1993-03-28
81,74,POPLATEK MESICNE,1996-07-18
3937,76,POPLATEK MESICNE,1996-01-10
387,72,POPLATEK MESICNE,1997-09-19
3999,35,POPLATEK MESICNE,1993-05-06
825,19,POPLATEK MESICNE,1996-03-06
4981,54,POPLATEK MESICNE,1996-01-22
1404,7,POPLATEK TYDNE,1993-09-22
2708,1,POPLATEK MESICNE,1996-03-25
1547,72,POPLATEK MESICNE,1993-09-14
4190,62,POPLATEK MESICNE,1995-10-04
3567,5,POPLATEK MESICNE,1994-12-20
2345,5,POPLATEK MESICNE,1993-10-25
10233,27,POPLATEK MESICNE,1996-02-21
1929,1,POPLATEK MESICNE,1997-07-06
6922,3,POPLATEK TYDNE,1997-05-12
953,14,POPLATEK MESICNE,1995-07-22
133,64,POPLATEK TYDNE,1997-10-11
3958,59,POPLATEK MESICNE,1997-12-28
2935,68,POPLATEK MESICNE,1995-05-15
2973,23,POPLATEK MESICNE,1996-08-15
1239,1,POPLATEK MESICNE,1993-04-10
4069,38,POPLATEK MESICNE,1996-11-17
11141,1,POPLATEK TYDNE,1997-02-11
464,43,POPLATEK MESICNE,1997-05-28
2614,44,POPLATEK MESICNE,1996-09-11
4103,38,POPLATEK MESICNE,1995-01-25
2959,8,POPLATEK MESICNE,1994-02-25
1815,66,POPLATEK MESICNE,1993-04-17
1615,1,POPLATEK MESICNE,1997-10-20
341,28,POPLATEK MESICNE,1996-11-19
2627,76,POPLATEK MESICNE,1994-10-02
2215,48,POPLATEK MESICNE,1997-10-17
1582,28,POPLATEK MESICNE,1996-05-01
9513,59,POPLATEK MESICNE,1996-05-12
2590,47,POPLATEK MESICNE,1996-12-04
1054,10,POPLATEK MESICNE,1993-02-19
3004,11,POPLATEK MESICNE,1996-08-22
2059,37,POPLATEK MESICNE,1994-10-08
1429,57,POPLATEK MESICNE,1993-07-30
5362,76,POPLATEK TYDNE,1996-09-06
2058,34,POPLATEK MESICNE,1996-09-09
7,60,POPLATEK MESICNE,1996-11-24
975,1,POPLATEK MESICNE,1996-10-19
461,30,POPLATEK MESICNE,1993-02-18
2347,38,POPLATEK MESICNE,1996-08-30
2896,29,POPLATEK MESICNE,1993-03-30
2325,55,POPLATEK MESICNE,1997-02-26
7156,71,POPLATEK MESICNE,1997-09-11
1570,1,POPLATEK MESICNE,1994-03-12
3566,21,POPLATEK MESICNE,1993-06-09
2281,1,POPLATEK MESICNE,1995-07-13
3643,1,POPLATEK MESICNE,1994-12-22
1362,1,POPLATEK MESICNE,1996-12-19
3724,16,POPLATEK MESICNE,1997-08-06
3951,22,POPLATEK MESICNE,1997-06-02
2266,50,POPLATEK MESICNE,1996-07-19
207,2,POPLATEK MESICNE,1993-07-25
2458,40,POPLATEK TYDNE,1993-03-14
2784,40,POPLATEK MESICNE,1997-10-30
4283,39,POPLATEK MESICNE,1994-10-16
2577,7,POPLATEK MESICNE,1995-07-30
3201,4,POPLATEK MESICNE,1994-04-17
11027,32,POPLATEK TYDNE,1996-07-26
1188,16,POPLATEK MESICNE,1996-07-22
2579,24,POPLATEK MESICNE,1997-10-18
10906,76,POPLATEK MESICNE,1993-11-14
236,72,POPLATEK MESICNE,1996-03-16
3704,75,POPLATEK MESICNE,1993-01-24
1383,11,POPLATEK MESICNE,1996-04-15
600,46,POPLATEK MESICNE,1997-03-13
1583,69,POPLATEK PO OBRATU,1994-11-17
2080,74,POPLATEK MESICNE,1997-04-27
438,37,POPLATEK MESICNE,1997-06-23
3290,19,POPLATEK MESICNE,1996-12-09
1158,50,POPLATEK MESICNE,1994-04-03
273,24,POPLATEK PO OBRATU,1993-07-11
312,41,POPLATEK MESICNE,1996-01-03
1652,74,POPLATEK MESICNE,1993-05-20
2110,64,POPLATEK MESICNE,1993-02-23
3901,12,POPLATEK MESICNE,1997-08-30
7101,54,POPLATEK MESICNE,1996-07-06
3107,5,POPLATEK MESICNE,1993-11-20
3984,51,POPLATEK MESICNE,1996-12-14
750,73,POPLATEK MESICNE,1993-09-12
2857,19,POPLATEK MESICNE,1997-04-28
1871,48,POPLATEK MESICNE,1994-05-10
2642,68,POPLATEK MESICNE,1995-06-05
3361,45,POPLATEK MESICNE,1993-08-26
471,47,POPLATEK MESICNE,1995-06-07
1968,16,POPLATEK TYDNE,1997-10-14
2207,35,POPLATEK MESICNE,1996-01-25
1004,70,POPLATEK MESICNE,1996-07-02
1467,37,POPLATEK MESICNE,1994-04-27
689,1,POPLATEK MESICNE,1996-04-24
10280,69,POPLATEK MESICNE,1996-12-01
8026,36,POPLATEK MESICNE,1997-03-23
2912,74,POPLATEK MESICNE,1994-07-30
1701,1,POPLATEK MESICNE,1993-08-10
431,18,POPLATEK MESICNE,1996-11-05
3608,72,POPLATEK TYDNE,1994-08-30
1987,54,POPLATEK MESICNE,1994-03-17
3914,33,POPLATEK MESICNE,1995-09-05
11054,59,POPLATEK TYDNE,1996-02-01
1633,51,POPLATEK MESICNE,1995-02-22
9433,59,POPLATEK MESICNE,1997-08-14
3050,60,POPLATEK MESICNE,1993-05-08
451,11,POPLATEK MESICNE,1994-05-05
3031,51,POPLATEK MESICNE,1997-03-10
2628,64,POPLATEK PO OBRATU,1994-02-06
2440,19,POPLATEK MESICNE,1997-12-18
1237,9,POPLATEK MESICNE,1994-03-13
2847,75,POPLATEK MESICNE,1994-05-08
11123,39,POPLATEK MESICNE,1996-07-21
2809,73,POPLATEK MESICNE,1994-12-08
110,36,POPLATEK MESICNE,1996-07-17
2624,31,POPLATEK MESICNE,1996-03-28
1329,53,POPLATEK MESICNE,1996-09-16
3718,63,POPLATEK MESICNE,1994-04-16
2692,28,POPLATEK MESICNE,1995-12-08
2610,54,POPLATEK MESICNE,1996-12-20
2356,34,POPLATEK TYDNE,1996-12-23
2818,40,POPLATEK MESICNE,1993-07-21
3840,76,POPLATEK MESICNE,1994-02-19
3682,70,POPLATEK MESICNE,1993-06-07
1546,15,POPLATEK MESICNE,1996-11-20
3519,52,POPLATEK MESICNE,1996-02-10
2890,69,POPLATEK MESICNE,1996-02-07
3396,1,POPLATEK MESICNE,1997-11-20
5692,66,POPLATEK MESICNE,1996-02-25
1114,6,POPLATEK TYDNE,1993-11-13
3164,33,POPLATEK MESICNE,1993-12-24
859,13,POPLATEK MESICNE,1997-08-26
1506,51,POPLATEK MESICNE,1997-10-13
2662,71,POPLATEK MESICNE,1994-05-24
857,77,POPLATEK MESICNE,1993-09-16
3795,36,POPLATEK MESICNE,1996-03-18
401,32,POPLATEK MESICNE,1993-01-18
1826,5,POPLATEK MESICNE,1994-05-22
3912,2,POPLATEK MESICNE,1994-05-04
1859,50,POPLATEK MESICNE,1996-02-02
2346,27,POPLATEK MESICNE,1996-05-08
9225,11,POPLATEK MESICNE,1996-01-01
906,59,POPLATEK MESICNE,1997-12-27
5213,1,POPLATEK MESICNE,1995-08-18
2697,8,POPLATEK MESICNE,1993-06-26
580,75,POPLATEK MESICNE,1996-05-20
1219,1,POPLATEK MESICNE,1996-06-08
1274,54,POPLATEK TYDNE,1996-08-19
9730,54,POPLATEK MESICNE,1997-01-01
7240,17,POPLATEK MESICNE,1996-04-23
1927,42,POPLATEK MESICNE,1995-08-04
3225,1,POPLATEK MESICNE,1993-11-01
4616,1,POPLATEK MESICNE,1997-09-24
787,10,POPLATEK MESICNE,1993-11-14
3647,77,POPLATEK MESICNE,1996-06-17
1514,7,POPLATEK MESICNE,1997-07-01
908,62,POPLATEK MESICNE,1994-04-29
791,49,POPLATEK MESICNE,1995-12-14
3899,22,POPLATEK MESICNE,1996-06-25
2419,24,POPLATEK MESICNE,1993-11-27
3688,70,POPLATEK MESICNE,1993-11-10
2117,48,POPLATEK MESICNE,1996-08-07
767,25,POPLATEK MESICNE,1995-03-26
3719,37,POPLATEK MESICNE,1997-06-19
2103,48,POPLATEK MESICNE,1997-02-01
3605,3,POPLATEK MESICNE,1996-03-24
2530,74,POPLATEK MESICNE,1996-07-02
2981,46,POPLATEK MESICNE,1997-01-11
1166,11,POPLATEK MESICNE,1993-04-21
3585,1,POPLATEK MESICNE,1996-06-23
363,1,POPLATEK MESICNE,1994-05-06
1954,72,POPLATEK MESICNE,1996-06-05
3411,19,POPLATEK MESICNE,1996-12-17
7636,40,POPLATEK MESICNE,1996-10-08
605,65,POPLATEK MESICNE,1997-02-04
5591,9,POPLATEK MESICNE,1996-03-16
3068,59,POPLATEK MESICNE,1993-04-25
4321,47,POPLATEK MESICNE,1993-04-18
2365,42,POPLATEK MESICNE,1994-11-04
3624,32,POPLATEK TYDNE,1995-05-30
189,76,POPLATEK MESICNE,1997-04-16
4511,33,POPLATEK MESICNE,1993-09-26
2114,30,POPLATEK MESICNE,1996-08-11
2183,54,POPLATEK MESICNE,1997-07-17
1933,35,POPLATEK MESICNE,1997-04-04
631,68,POPLATEK MESICNE,1996-03-25
1490,5,POPLATEK MESICNE,1996-07-25
26,52,POPLATEK MESICNE,1993-08-08
693,2,POPLATEK MESICNE,1994-06-06
2834,70,POPLATEK MESICNE,1995-10-14
4258,51,POPLATEK MESICNE,1995-08-26
184,77,POPLATEK MESICNE,1996-02-21
3986,19,POPLATEK MESICNE,1997-06-20
348,25,POPLATEK MESICNE,1995-11-15
359,11,POPLATEK MESICNE,1994-12-11
2728,52,POPLATEK TYDNE,1997-07-06
4264,28,POPLATEK MESICNE,1993-12-07
1140,49,POPLATEK MESICNE,1997-11-07
504,73,POPLATEK MESICNE,1993-04-21
765,12,POPLATEK MESICNE,1996-12-20
3587,64,POPLATEK MESICNE,1995-12-24
1022,33,POPLATEK TYDNE,1994-08-01
1452,45,POPLATEK MESICNE,1995-09-16
2542,21,POPLATEK MESICNE,1993-08-07
4276,43,POPLATEK MESICNE,1994-07-09
3781,31,POPLATEK MESICNE,1993-03-26
1367,74,POPLATEK MESICNE,1996-08-20
2552,52,POPLATEK MESICNE,1993-07-01
6699,35,POPLATEK MESICNE,1996-06-08
3613,43,POPLATEK MESICNE,1993-08-10
2541,57,POPLATEK MESICNE,1994-11-08
1678,1,POPLATEK MESICNE,1993-02-22
2602,46,POPLATEK MESICNE,1996-06-17
4109,54,POPLATEK MESICNE,1995-02-09
2161,15,POPLATEK TYDNE,1993-12-30
1696,43,POPLATEK MESICNE,1995-06-09
3072,8,POPLATEK MESICNE,1993-06-05
8688,66,POPLATEK MESICNE,1996-11-22
1626,3,POPLATEK MESICNE,1994-03-15
2721,74,POPLATEK MESICNE,1997-11-14
1345,28,POPLATEK MESICNE,1993-10-19
7231,10,POPLATEK MESICNE,1993-03-14
3344,70,POPLATEK MESICNE,1997-05-15
2424,1,POPLATEK MESICNE,1995-10-13
71,1,POPLATEK MESICNE,1994-03-05
1792,7,POPLATEK MESICNE,1993-12-16
235,41,POPLATEK MESICNE,1993-10-06
4484,54,POPLATEK MESICNE,1993-02-03
1700,64,POPLATEK MESICNE,1995-11-18
3612,70,POPLATEK MESICNE,1994-08-27
9484,5,POPLATEK MESICNE,1997-04-26
96,68,POPLATEK MESICNE,1993-02-18
3373,27,POPLATEK MESICNE,1996-01-18
2428,72,POPLATEK MESICNE,1993-09-08
3701,76,POPLATEK MESICNE,1993-10-06
3163,41,POPLATEK MESICNE,1997-05-24
2774,42,POPLATEK MESICNE,1996-02-05
2225,15,POPLATEK MESICNE,1996-01-24
1553,59,POPLATEK MESICNE,1996-12-21
6083,6,POPLATEK TYDNE,1996-09-19
2862,33,POPLATEK MESICNE,1993-06-07
1203,72,POPLATEK MESICNE,1995-08-09
417,73,POPLATEK MESICNE,1996-01-27
1778,15,POPLATEK MESICNE,1995-02-25
3789,6,POPLATEK MESICNE,1996-08-18
3774,72,POPLATEK MESICNE,1996-08-30
2373,14,POPLATEK MESICNE,1996-09-29
1474,63,POPLATEK MESICNE,1996-09-14
1906,1,POPLATEK MESICNE,1996-08-01
1150,29,POPLATEK MESICNE,1997-10-08
3440,22,POPLATEK MESICNE,1995-09-22
1422,68,POPLATEK MESICNE,1993-04-09
3224,55,POPLATEK MESICNE,1996-11-10
1026,20,POPLATEK MESICNE,1997-09-03
299,77,POPLATEK MESICNE,1993-04-05
1366,60,POPLATEK MESICNE,1993-02-24
940,37,POPLATEK MESICNE,1994-11-15
3405,36,POPLATEK MESICNE,1994-03-07
4033,57,POPLATEK MESICNE,1996-11-19
3981,23,POPLATEK MESICNE,1995-01-15
641,40,POPLATEK MESICNE,1997-06-22
3226,65,POPLATEK MESICNE,1994-08-28
1819,55,POPLATEK TYDNE,1996-10-21
2192,59,POPLATEK MESICNE,1996-03-22
443,64,POPLATEK MESICNE,1993-01-28
3905,54,POPLATEK PO OBRATU,1997-05-28
1808,28,POPLATEK MESICNE,1997-05-16
8519,23,POPLATEK MESICNE,1993-04-02
880,26,POPLATEK MESICNE,1996-12-08
525,70,POPLATEK MESICNE,1996-03-20
3738,51,POPLATEK MESICNE,1993-08-01
1784,59,POPLATEK MESICNE,1993-05-08
575,38,POPLATEK MESICNE,1994-04-26
584,31,POPLATEK MESICNE,1996-07-14
3386,2,POPLATEK MESICNE,1995-05-23
2185,67,POPLATEK MESICNE,1995-01-18
2497,65,POPLATEK MESICNE,1993-03-16
231,22,POPLATEK MESICNE,1995-04-03
2591,1,POPLATEK MESICNE,1996-05-06
3578,1,POPLATEK MESICNE,1996-02-17
1197,68,POPLATEK MESICNE,1993-09-07
222,37,POPLATEK MESICNE,1993-03-15
2707,61,POPLATEK MESICNE,1994-11-27
2189,75,POPLATEK MESICNE,1993-04-22
2205,51,POPLATEK MESICNE,1996-04-13
576,55,POPLATEK MESICNE,1993-01-01
1501,50,POPLATEK MESICNE,1996-08-11
2930,1,POPLATEK MESICNE,1996-08-24
3045,1,POPLATEK MESICNE,1995-06-08
992,22,POPLATEK MESICNE,1995-10-01
8926,1,POPLATEK MESICNE,1997-03-21
2660,1,POPLATEK TYDNE,1993-10-17
558,10,POPLATEK MESICNE,1996-06-15
4503,50,POPLATEK MESICNE,1995-01-03
3297,53,POPLATEK MESICNE,1995-02-17
3299,11,POPLATEK TYDNE,1997-05-16
1957,33,POPLATEK MESICNE,1996-09-18
2967,38,POPLATEK MESICNE,1996-11-13
673,31,POPLATEK MESICNE,1997-12-08
9493,64,POPLATEK MESICNE,1995-04-02
4355,31,POPLATEK MESICNE,1993-02-21
1,18,POPLATEK MESICNE,1995-03-24
2685,67,POPLATEK MESICNE,1996-11-01
10320,68,POPLATEK MESICNE,1993-07-11
3003,18,POPLATEK MESICNE,1993-11-27
4130,70,POPLATEK MESICNE,1997-06-01
1581,39,POPLATEK MESICNE,1995-10-12
263,64,POPLATEK TYDNE,1997-01-03
3115,14,POPLATEK MESICNE,1996-03-27
2430,3,POPLATEK MESICNE,1994-10-09
1732,51,POPLATEK MESICNE,1996-02-20
4259,66,POPLATEK MESICNE,1994-04-08
3033,69,POPLATEK MESICNE,1997-12-10
3711,3,POPLATEK MESICNE,1997-05-08
1759,39,POPLATEK MESICNE,1996-01-25
2085,25,POPLATEK MESICNE,1997-02-13
3346,1,POPLATEK MESICNE,1997-07-25
2612,1,POPLATEK MESICNE,1997-04-29
3435,59,POPLATEK MESICNE,1993-07-01
3546,55,POPLATEK MESICNE,1997-02-03
1785,52,POPLATEK MESICNE,1996-10-25
3804,7,POPLATEK MESICNE,1994-04-07
294,7,POPLATEK MESICNE,1997-01-05
996,47,POPLATEK MESICNE,1997-08-18
10018,8,POPLATEK MESICNE,1995-07-23
3971,75,POPLATEK MESICNE,1997-03-13
2810,66,POPLATEK MESICNE,1995-03-16
1592,38,POPLATEK MESICNE,1994-08-18
3067,46,POPLATEK MESICNE,1997-01-30
3289,1,POPLATEK MESICNE,1994-06-02
3080,57,POPLATEK MESICNE,1995-10-29
8085,73,POPLATEK MESICNE,1996-04-08
2524,1,POPLATEK MESICNE,1994-12-19
2155,58,POPLATEK MESICNE,1994-06-08
