id,name,year,rank
64078,Cinderella,1997,
146416,Histoire(s),1998,
73911,Crouching Waiter Hidden Chef,2003,
99316,Elke Maravilha Contra o Homem Atmico,1978,
29256,Bangkok Story,1989,
256527,Piranha,1978,5.4
194690,Lost,1955,5.7
267383,Puppy Love,2001,
181335,Krl a zena,1967,
309570,"Soulier trop petit, Le",1909,
33826,Belyj royal',1968,
200455,"Magnets, The",1914,
126447,Gestern gibt es nicht,2003,
208682,Mayonaka no hanazono,1967,
22198,Asphyxiating Uma,2002,
308440,Son-Rise: A Miracle of Love,1979,
139996,Hathkadi,1995,
269979,Quite Ugly One Morning,2004,
97417,Eddie's Little Love Affair,1915,
197409,Lumpacivagabundus,1936,4.8
253506,Personality Parade,1938,6.1
354487,"Village 'Neath the Sea, The",1914,
231970,Night Into Morning,1951,6.5
242394,"Oompahs, The",1952,
150882,House of Cards,1917,
234895,"Nor-way to Broadcasting, The",1976,
182999,L.I.E.,2001,7.2
175496,Kenedi se vraca kuci,2003,
311888,Spraggue,1984,
138478,"Hanoi Hilton, The",1987,5.2
65044,Civilization,1916,6.3
278169,Riff-Raff,1990,7.1
127118,Ghost House,1917,
337607,Trail of Terror,1935,
236435,"Nueva Cenicienta, La",1964,4.4
16712,"Angel of Poverty Row, The",1917,
48709,"Buddy Holly Story, The",1978,7.1
139987,"Hatfields and the McCoys, The",1975,
59302,Chaos (2001/II),2001,
39645,"Black Lash, The",1952,5.6
357445,Vstrecha na Elbe,1949,
364913,Wie in schlechten Romanen,1964,
159075,Indian Dream,2003,
171384,"Justicia tiene doce aos, La",1973,
157378,Imgenes del deporte N 38,1971,
109653,"Fatal Hour, The",1908,
203271,Man of a Thousand Faces,2003,
369151,"Wunderbare Lge der Nina Petrowna, Die",1929,7.1
150136,Hot Dogs: Wau - wir sind reich!,1999,2.3
66258,"Co je vm, doktore?",1984,6.7
169041,Joop slaat weer toe,1970,
238721,Officer Number Thirteen,1925,
35847,Bez naziva,1971,
245078,Out of Luck (1921/II),1921,
198205,Lgrimas robadas,1954,
170139,Jugeoseo malhaneun yeoin,1974,
248048,"Papajides, Oi",1954,
314685,Sticks and Stones,2004,
299483,Shock: Diverso Diablica,1986,4.3
157206,"Important Witness, The",1933,
58365,Chaal Baaz,1980,
120271,Friendships Field,1995,7.4
297301,Shan ju hua,1982,
328685,Tervetuloa aamukahville eli tottako toinen puoli,1952,
224688,"Mystery Man, The",1923,
372509,"Young Children's Concert with Raffi, A",1985,
45640,"Boys Next Door, The",1996,
201954,Makkhee Choos,1956,
314697,Sticky Fingers,1988,4.7
24479,"Authentique procs de Carl-Emmanuel Jung, L'",1966,
218456,"Montagna del dio cannibale, La",1978,4.7
329517,That Sunday,1994,
269200,Que bonita familia: Pap 2000,2000,
193824,Lonesome Lenny,1946,8.1
263740,Primal Fear,1996,7.4
222636,Murder in Greenwich,2002,
352420,"Verne Miller Story, The",1987,4.9
15093,"Amour, L'",1970,5.9
234301,Noch pered Rozhdestvom,1913,8.8
278310,Rigoletto (1981/I),1981,
374353,Zeisters,1986,1.7
52445,Call Me Dragon,1978,
29086,"Bandit's Baby, The",1925,
84505,Deugeoun bada,1992,
233771,No Means No,1988,
98346,Einspruch III,2002,
79612,David's Walls,2001,
88909,Doctor Satn,1966,
86801,Dime por qu me dejas?,1979,
114679,"Five People You Meet in Heaven, The",2004,
257750,Playing Dead,2000,1.4
118438,Fourteenth Lover,1922,
365096,Wig-Wag,1935,
282668,"Royal Romance, A",1917,
358484,Waking Up in Reno,2002,5.3
128333,"Girl Must Live, A",1939,5.7
123708,Gang War,1958,5.9
10341,Alexander the Great,1968,
162452,Irren ist sexy,2004,
55486,Caro Nanni,1993,
251553,Pecado,1962,
32692,Before Dawn,1933,6.2
248889,Parenti serpenti,1992,7.1
199086,Mackenzie King and the Conscription Crisis,1991,
119736,Fremrykket mde,1964,
246308,Pad Italije,1981,6.5
3018,"70,000 Witnesses",1932,
85028,"Devil's Jest, The",1954,
290350,School for Swing,1937,
251434,"Peachbasket Hat, The",1909,
231675,Niemandsland,1931,6.0
351877,"Ventures of Marguerite, The",1915,
5706,Aci tesadf,1966,
354183,Viewfinder,2000,
252974,"Perfect Specimen, The",1999,5.4
247559,Panic,2000,7.0
72722,Crazy Love,2004,8.8
67725,Combat Killers,1968,
281790,Rosaura a las 10,1958,7.8
339616,Tricky Trout,1961,
325395,Tatort - Alles Theater,1989,
143105,Her Father's Son,1916,
98370,Einzug ins Paradies,1987,
37154,Big Jim's Heart,1915,
316879,Strict ang parents ko,1997,
333317,Time Out for Romance,1937,
102251,Er De med?,1954,
129188,Gladiator Eroticvs: The Lesbian Warriors,2001,
270676,Radio West,2003,3.1
118,'Halloween' Unmasked 2000,1999,
251828,Peg o' My Heart,1933,5.9
32518,Bedroom Doors,2003,
368486,"World of Tomorrow, The",1985,7.8
65228,Clash of the Titans,1981,6.2
167353,Jhoothi,1987,
98600,Eko eko azaraku,1995,4.8
15014,"Amour dans l'me, L'",1993,
354539,Village Sunday,1960,
57421,Cazador de cabezas,1992,
183728,Lady Killer,1933,7.2
349360,V trudnyj chas,1961,
332633,Tierno verano de lujurias y azoteas,1992,7.2
63237,Chronique danoise,2001,
320534,Svatbite na Yoan Asen,1975,9.2
256862,Pitfalls of a Big City,1923,
289556,Scarface,1932,7.9
115943,Flubber,1997,4.6
226555,Nae saengae danhanbeon,1969,
79884,"Day She Paid, The",1919,
38810,"Bishop's Emeralds, The",1919,
30277,"Baroness and the Butler, The",1938,5.3
281067,Romantic Reggie,1915,
366566,Wirbel um Irene,1953,
67060,"Collecteur, Le",1992,
258938,Poison,1997,
61824,"Children Pay, The",1916,
185516,Last Orders,2001,7.2
213893,Milion za Laure,1971,
240958,On Trial,1917,
357505,Vuelo de cantares,1985,
72544,Cranium Command,1989,7.3
195579,Love Finds Andy Hardy,1938,6.7
175068,Kebab Connection,2004,
189231,Liar,2004,5.2
358230,"Wahrheit ber Rosemarie, Die",1959,
308292,Son altesse impriale,1933,
76621,Dadetown,1995,6.3
72772,Creaking Stairs,1919,
173739,Kaptajn Klyde og hans venner vender tilbage,1980,1.3
117533,Fordringsgare,1968,
91092,Doraemon: Nobita no uchuu sh-sens,1985,6.3
300071,"Show Cowpuncher, The",1926,
112948,"Film im Film, Der",1925,
322486,Skromn zivoty,1990,
259628,Polizeiruf 110 - Petra,1982,
164024,Izakaya Chji,1983,
190345,Lifepod,1980,4.7
68072,Comfortably Numb (2004/II),2004,
167480,Jidai-ya no nyobo,1983,
377904,"tat sauvage, L'",1978,5.5
339593,Trickle,1998,5.5
359153,Wapas,1969,
218688,"Moon and Sixpence, The",1943,6.7
261617,Potato Fritz,1976,3.7
293362,"Segua, La",1984,2.1
275351,"Relitto, Il",1961,
151082,House of Usher,1960,6.8
24889,Ave de Arribao,1943,
267484,Pure Wickedness,1999,
112593,"Fighting Spirit, The",1927,
199527,Made in Vlaanderen: Willems & Co,1992,
206476,"Marrying Kind, The",1952,7.1
5048,Above and Beyond,1952,6.4
134327,Grierson,1973,
362314,What Love Can Do,1916,
86475,Different Slopes,1979,
143636,Here We Go Round the Mulberry Bush,1967,5.3
377894,sta que lo es...,1977,
55761,Cartas a Maria Teresa,1989,
299747,Shooting Stars Unreleased and Nude,1996,
67934,Come-Back,1981,
139341,"Hare-Brained Hypnotist, The",1942,7.0
368202,"Wooing of Winnifred, The",1911,
288827,Sauda,1995,
301092,Siegfried,1993,
7615,Afraid of Everything,2004,6.9
347675,"Unsichtbare, Der",1963,
300302,Shri Vinayaka Vijayam,1980,
31204,"Battle of the Red Men, The",1912,
29655,Barbara Parkins Ainda Est em 'Peyton Place',1998,
219853,Motel,1984,
325329,Tataynic,1998,
188336,Let's Do Things,1931,
304045,Skins & Needles,1999,
330236,They Were Sisters,1945,6.0
78912,"Dark Road, The",1917,
361304,"Welsh Singer, A",1915,
207951,"Matrimonial Boomerang, A",1915,
70992,"Correcteur, Le",2003,
226799,Nainen on valttia,1944,
142164,Heist,1998,3.8
275934,Reportages n 87,1944,
263965,"Prince and the Pauper, The",1915,
122957,Gakk no kaidan G,1998,
304029,Skinner's Dress Suit,1926,6.4
11923,"Alley, The (2003/I)",2003,
149999,Hot Applications,1917,
254568,"Phantom Tollbooth, The",1970,6.2
117248,For the Peace of Bear Valley,1913,
46104,Bratyuzhka,1976,
185764,"Last Winter, The",1984,3.7
360582,Weary Willie,1897,
285768,"Saint-Tropez, devoir et vacances",1952,
324385,Tangier Incident,1953,
63851,"Ciel est  vous, Le",1944,6.7
289671,Scary Tales,2001,
370399,"Yalta: Peace, Power and Betrayal",2002,
125394,Gemengd dubbel,1971,
323839,Tales from the Far Side,1994,
191123,Ling huan xian sheng,1987,7.2
353240,Viajero,1996,
231818,"Night Before, The",2003,
36733,Big Banana Feet,1976,9.3
319142,Sunny Jane,1917,
333251,Time In the Sun,1940,5.3
40084,Blackfly,1991,7.3
293757,Self Defense... for Cowards,1962,
290313,School Days (1932/I),1932,
148067,"Hombre en la trampa, Un",1969,
13601,Ame agaru,1999,7.8
240516,On gzel bacak,1964,
125835,"Gentleman Bushranger, The",1921,
354442,Villa a Lidn,1971,
234128,Noah's Flood,1997,
54722,Capullito de alhel,1945,
13733,America's Nightmare,2002,
175546,"Kennedy Center Honors: A Celebration of the Performing Arts, The",2003,
315480,Stork,1971,6.2
351056,Vedettes sans maquillage,1951,
109065,Farewell to My Country,2002,
169440,Journey Out of Darkness,1967,
44256,Border G-Men,1938,5.8
375339,Zivot je lijep,1976,
50868,By Default,1998,
117456,"Forbidden, The",1978,4.2
125859,Gentleman Jo... uccidi,1969,7.0
41876,Blue Moon,2000,4.8
100093,"Emperor's New Clothes, The",2001,7.1
61457,Chijo,1957,
160625,"Instalator, Ha-",1986,
7211,Advocat: Priznanie,2004,
340530,Trouble Man,1972,4.6
275939,Reportages n 92,1944,
60535,Chen Geng meng nan,1984,
52036,"Caifanes, Los",1967,8.7
288679,Saturday Morning,1922,
223364,Muthina Hara,1990,
179798,Komplizinnen,1987,
131751,"Goodbye Place, The",1996,6.4
75705,Cutthroat Alley,2003,
155957,Igeo doebnigga igeo andoebnida,1964,
344047,Uczta Baltazara,1954,
86745,Dillagi,1999,5.9
239816,Old Surehand,1965,5.2
154667,I tigerens je,1999,
169833,Jubunairu,2000,6.6
173750,Kaput lager - gli ultimi giorni delle SS,1976,2.9
287515,Sanity,1998,
191305,Lionman II: The Witchqueen,1979,4.8
194603,Los Angeles Plays Itself,2003,6.3
20968,"Art of Amlia, The",2000,7.2
6940,"Adventures of Busty Brown, The",1964,
149089,"HonigKuckucksKinder, Die",1992,
52015,Cahill U.S. Marshal,1973,5.9
105921,Expect No Mercy,1995,3.0
324605,Tanssi perhoseni tanssi,1999,
367040,Wives and Lovers,1963,5.2
338271,Trapped,1973,
332935,"Tigre se parfume  la dynamite, Le",1965,3.8
18973,Apokalypso - Bombenstimmung in Berlin,1999,
145814,His Brother's Ghost,1945,5.0
94213,Drylanders Episode 1,1974,
365560,"Wildcats of St. Trinian's, The",1980,3.1
36624,Bie jeojeun ibsul,1974,
192345,"Little Upstart, The",1915,
71633,"Counterfeit Contessa, The",1994,
316123,"Strange Love of Martha Ivers, The",1946,7.3
302882,Sinners and Saints,2004,
345678,"Unbezhmbare Herz, Das",2004,
277949,Riders,2002,5.1
212764,Michana,1975,
207942,Matriculated,2003,6.3
275291,Relative Values,2000,6.1
180404,Kort Rotterdams - Temper! Temper!,1998,
297710,Sharpe's Honour,1994,
362128,What About School Spirit?,1958,
177904,Kirmes,1960,9.2
166036,"Jazz Bug, The",1923,
177146,"Kind of Loving, A",1962,6.8
173214,Kan yom hobak,2005,
273759,Rechukka,1954,
90778,"Dono dei magi, Il",1992,
367441,"Woman Between, The (1931/II)",1931,5.0
122817,Gadis metropolis 2,1995,
234254,Noc poslije smrti,1983,
19686,Arara Vermelha,1957,
4407,Aasayam,1993,
187025,Lee Evans: Live at Her Majesty's,1994,
363673,"Whispered Name, The",1924,
44474,Born to Be Wild (1995/I),1995,4.4
120791,Froschknig,1987,
112523,Fighting Jack,1926,
53288,Can ku de xia tan,1992,
142808,Hendrik Conscience,1963,
209705,Meeting Magdalene,1995,
234154,Nobi,1959,8.3
143349,Her Pet,1911,
170759,Jungle Heat,1957,4.6
150326,"Hot Scots, The",1948,8.2
350295,"Van Boys, The",2000,
123290,"Gamble with Death, A",1913,
227704,Narcovision,1996,8.3
260900,Portagli i miei saluti - avanzi di galera,1993,
23553,"Attic Expeditions, The",2001,4.8
204045,Manevar,1969,
202031,Mala kucna panika,2000,
325143,Tarzan the Mighty,1928,
76709,Dafnis i Khloya,1993,
258818,Pohjolan thtitaivaan alla,1955,
94976,"Duke's Plan, The",1910,
296573,Sha mo tuo ling,1978,
113459,Find Me Guilty,2005,
355810,Viva Las Vegas,1964,5.8
242044,Only Once,1998,7.8
341283,Tsuma to shite onna to shite,1961,
169008,Jongjeom,1966,
275846,"Repartidores, Los",1991,
266136,Providence,1977,7.4
338982,Trekkies 2,2004,6.5
47717,Broncho Billy's Punishment,1914,
290524,Schulmdchen-Report 7: Doch das Herz mu dabei sein,1974,1.7
189685,"Liebe, Luft und lauter Lgen",1959,
72226,"Cowboy and the Lady, The",1922,
135201,"Guarida del ermitao, La",2003,
265279,Prodomeni agapi,1962,
325456,Tatort - Blinde Wut,1982,
124343,Gas House Kids Go West,1947,
45309,"Box, The (2003/III)",2003,
306851,"Socrate, Le",1968,
359588,Warszawa. Anne 5703,1992,7.5
36482,Bibi Fricotin,1951,
198996,"Macho en la carcel de mujeres, Un",1986,
298825,Shikijo-zuma: niku no yuwaku,1976,
101249,"Enfants, Les",1984,6.4
37768,Biletas Iki Taj Mahal,1991,6.0
193746,"Lone Wolf, The",1924,
369325,www.betreuteLoecher.de,2002,
331769,Thrill of Youth,1932,
239068,"Oh, What a Night",1944,
241320,"One Down, Two to Go",1982,3.1
174026,Kariera,1955,
115745,Flor de durazno,1917,
265632,Projekt Aqua,1969,
354886,Violet (2000/II),2000,5.1
204878,"Many Lives of Jason Voorhees, The",2002,
174763,Katzendiebe,1996,5.5
276407,"Resume, The",2002,
76951,Daisy and Simon,1988,4.2
53395,Canada Vignettes: From Cobalt to Casa Loma,1978,
42531,"Bobby Jones, Stroke of Genius",2004,5.9
187529,"Lei do Co, A",1967,
21372,Arutz 2: Achshav HaSeret,2003,
158505,In the Zone,2003,
112514,Fighting Hearts,1926,
189466,Lickin' the Quits: A Slice of American Culture,2004,
93888,Dromo,2004,
84833,"Devil and Max Devlin, The",1981,4.4
286106,"Salla, La",1996,7.6
46251,Bread and Roses,2000,7.1
185145,"Last Chapter, The",2004,
85973,Diario intimo de una cabaretera,1989,
4960,Abo el arabi wasal,2005,
102678,Erosu no ywaku,1972,
125682,Genival  De Morte,1956,
37825,Bill il taciturno,1967,
334102,To Be or Not to Be,1942,8.3
68272,Command & Conquer: Renegade,2002,
115912,"Flower of the Forest, The",1912,
354212,"Vigilante Contra o Crime, O",1964,
65427,Clay Fields,2003,
363441,Where the Spies Are,1965,5.4
338736,"Treacherous Shot, A",1913,
116985,For da Love of Money,2002,2.6
210048,Mein Vater und andere Betrger,2001,
278697,"Ripetente fa l'occhietto al preside, La",1980,3.9
270443,Rachel's Man,1974,1.0
360506,We're All Gamblers,1927,
167835,Jing li shi de kong wei zhi,1984,
346200,Under Your Hat,1940,
278893,Rita Hayworth: Dancing Into the Dream,1990,
191581,"Litri y su sombra, El",1960,
224809,Mystery Street,1950,6.7
326525,Teatralnyj roman,2003,
19256,"Aprendiz, El",1994,
140438,Hawai no yoru,1953,
370417,Yamaguchi-gumi San-daime,1973,
93294,Dreamland (2004/II),2004,
145936,His First Experience,1913,
327719,Ten Minute Alibi,1935,
182114,Kurukshetra,2000,7.0
235997,"Novia perfecta, La",1988,
241031,Once a Plumber,1920,
60804,Cherry Sorbet,2003,
3564,A u nas byla tishina...,1977,
54084,"Canto del gallo, El",1955,
20497,Armstrong,1998,3.8
213950,Milk,2004,
312521,SS Lager 5 l'inferno delle donne,1977,2.9
322016,Szaffi,1984,8.1
301980,"Silver Lining, The",1932,
176280,Kicking Through,1928,
105968,Experiment Bootcamp,2004,
81082,Death Diploma,1987,
20357,Armaan,1953,
232417,Nightmare 1040,1993,2.4
95757,Dybt vand,1999,
277029,"Revenante, La",1960,
371321,Yes We Can,1989,
154054,I Am Woody,2003,
288180,Sarangui wonjatan,1977,
277515,Rhythm Inn,1951,
179375,Koi ni inochi o,1961,
304543,"Slasher, The",1958,
80338,"De tripas, corazn",1996,8.5
368778,"Wreck of the Dunbar or The Yeoman's Wedding, The",1912,
241150,Once Upon a Tractor,1965,
183877,Ladykillers,1988,
106023,Expiration,2003,6.6
106606,Eyes for You,1996,
304225,Skulhedface,1994,
158216,In the French Style,1963,5.2
228902,Nazarn,1959,7.7
146564,Historias de ftbol,1997,6.6
320165,Surya,2003,
260442,Popular Science (1935/III),1935,
299208,Ships with Wings,1942,5.6
292189,Second Hand Wife,1933,
249267,Parole Racket,1937,
328929,"Teta y la luna, La",1994,6.6
193540,"Lollipop Cover, The",1965,5.3
107681,Falbalas,1945,6.8
248539,Paragraph 175,1999,8.2
81498,Decadence 37'2'',1992,
55378,Carne de horca,1953,6.4
274000,"Red Baron, The",1971,4.6
33293,Bela ptica,2004,
294800,Serial Thrillers,2003,
72498,"Cradle Snatchers, The",1927,
141499,Hearts of Humanity,1936,
64636,Cirkus Fandango,1954,
244316,Othello,1995,6.8
317309,Stuck On You (2003/I),2003,6.2
183741,Lady Luck,1936,
209597,Meet Marlon Brando,1966,5.5
309476,"Soul Enslaved, A",1916,
295087,"Set-Up, The",1978,5.5
180951,Kriminal,1966,4.7
104888,"Evase - Storie di sesso e di violenze, Le",1978,4.9
353348,Vicio e Beleza,1926,
159479,Inferno,1973,
227685,Narcos,1992,6.4
182435,Kyoto - Part 2,1996,
318810,"Summer Without Boys, A",1973,
302114,"Simla, Ha-",1970,
63625,Chyortik pod lobovym steklom,1987,
246861,Pajama Party,1964,3.9
201053,Main Prem Ki Diwani Hoon,2003,4.6
313179,"Stanza del figlio, La",2001,7.4
85542,"Diable est parmi nous, Le",1972,
165916,"Javel, hr. borgmester",2002,
13951,American Generator,2003,
161663,Intrusion,2003,
129649,Glutnitzata,1972,
245135,Out of the Cold,1999,5.8
358875,Waltz Time,1933,
332803,Tiger True,1921,
91333,"Dos federales, Los",2000,
95131,Dummies,1928,
15221,"Amy Fisher Story, The",1993,
254076,"Petite amie d'Antonio, La",1992,8.0
328559,Terror in the Mall,1998,
272877,"Raven, The",2003,9.5
57243,Cautionary Tales for Children,1996,
262479,"Prato macchiato di rosso, Il",1973,
326872,Teenmoti,1995,
131928,Gopher Broke,1969,
271903,Ramude Ravanudaithe,1979,
37000,"Big Cube, The",1969,3.7
301906,Silpheed: The Lost Planet,2000,
153430,Hwanghonui je3 budu,1971,
137097,Hafi,2002,6.7
118864,Frank Film,1973,7.2
289870,Schastye,1932,7.5
353030,Vi snakker frdsel,1942,
261274,Position of Trust,1963,
68538,Community Sing: Songs of the West,1939,
294587,September Tapes,2004,4.8
365459,"Wild Thornberrys: The Origin of Donnie, The",2001,
190688,Like Father,2001,5.7
94128,Drums Across the River,1954,5.5
177756,Kinnikuman: Gyakush! Uch kakure chjin,1985,
141009,Headin' North,1930,
142378,Hell Hunters,1986,6.8
98495,Ek Hasina Thi,2004,6.5
330951,"This World, Then the Fireworks",1997,4.6
25851,B. Monkey,1998,6.1
293624,Seitenstechen,1985,3.1
74305,"Crystal Gayle Special, The",1979,
8086,Against the Grain: More Meat Than Wheat,1981,
78031,"Dangerous Coward, The",1924,
247040,Pale Saints,1997,3.0
82908,Dense,2004,
263720,"Prima notte del Dottor Danieli, industriale col complesso del... giocattolo, La",1970,
277401,"Rey se divierte, El (1944/I)",1944,
224029,My Husband's Wives,1924,
260940,"Portes tournantes, Les",1988,6.1
230427,Never Too Young to Die,1986,3.1
61382,"Chief of Police, The",1914,
312116,Spurensuche,1997,
66584,Code 46,2003,6.5
189793,Liebesschuld,2001,
120923,Frmmande hamn,1948,
108227,Family (1999/II),1999,
19605,Aradhana,1976,
98166,Eight O'Clock Walk,1952,6.3
297763,Shattered Dreams,1990,
274373,Red Team,1999,4.2
79716,"Day After Tomorrow, The",2004,6.2
351402,Velluto nero,1977,3.7
61557,"Child for Sale, A",1920,
207860,"Mating of Marcus, The",1924,
280716,Rolling Stones: Voodoo Lounge,1994,
56865,Catch as Cats Can,1947,6.7
310027,Soy charro de Rancho Grande,1947,
35477,Between Two Rivers,1960,
32257,Beauty Unadorned,1913,
253719,Peshavarskij val's,1994,
125297,Geld aus der Luft,1954,7.8
356610,Voltaire,1933,6.5
89143,"Dog Catcher's Love, A",1917,
258369,Plutonium Baby,1987,2.1
236681,Number 96,1974,6.1
55901,"Casa con vista al mar, Una",2001,5.2
27665,Baginda,1997,
335729,Too Young to Marry,1931,
50137,Buscando la muerte,1989,
104409,Ethniki papadon,1984,
78200,Dangshineun nabbeun saram,1983,
371833,Yoho: Wonder Valley,1951,
256116,Pinched,1917,
6064,Acstico MTV: Jorge Benjor,2002,
137699,Hallucination Generation,1966,4.6
9658,Al Donahue and His Orchestra in Harmony Highway,1944,
138309,Hang Time,2003,
171310,Just William's Luck,1948,
170857,Junior Pilot,2004,
199561,"Madeleine, mon amour!",1970,
363154,When the Studio Burned,1913,
338344,Trash,1970,6.7
367533,"Woman in White, The",1917,
296893,"Shadowgraph Message, The",1913,
229104,Neapolitanische Geschichten,1978,
209432,Medicine on the Kansas Prairie,2002,
355221,Virtuous Sin,1930,4.1
51233,Bsame mucho,1945,
190307,Life's Twist,1920,
254347,Peeli efe,1959,
120847,Fru Inger til strt,1975,7.3
144712,Hier bei mir,2002,
368642,"Worm Turns, The",1937,6.6
362112,What a Woman!,1943,5.3
128145,"Girl Can't Help It, The",1956,6.7
167200,Jeunes filles en dtresse,1939,
223659,My Architect: A Son's Journey,2003,7.6
263266,"Presumption of Stanley Hay, MP, The",1925,
35660,Beyond Fear,1993,5.7
330001,There's Always a Woman,1938,6.1
136252,"Guttersnipe, The",1922,
74984,"Culte de beaut, Le",1931,
13182,Amarga amargura,1986,
138223,Hands Across the Border,1944,6.2
29548,Bar-Cel-Ona,1987,5.0
347850,Until September,1984,5.1
127080,"Ghost Breaker, The",1914,
209660,Meet the People,1944,5.6
42140,Blur: Live 13,1999,
66314,Coast Guard,1939,
371133,Yeo aegwon,1982,
58550,"Chaise, La",2002,
252385,"Penthouse, The",1967,3.7
113556,Fine Points,1934,
96298,"Da del compadre, El",1983,
91726,Double Express,1995,
235246,Nos enfants chris,2003,6.1
56424,Cast a Dark Shadow,1957,6.7
150792,House,1986,5.4
246346,Padeniye dinastij Romanovykh,1927,6.9
224292,My Serenade,1960,
243905,Osakaui wiroun byeol,1980,
122321,Fnrik Stls sgner,1910,
315682,"Story of Gilbert and Sullivan, The",1953,6.4
355368,Visions and Voyeurism,1998,
56054,"Casablancais, Les",1999,6.3
106318,"Extrao caso del hombre y la bestia, El",1951,7.8
209231,"Mecanicos ardientes, Los",1985,
203147,"Man in Hobbles, The",1928,
154284,I kajak til verdens ende,2000,
291471,"Scrisoare pierduta, O",1977,
231979,"Night Larry Kramer Kissed Me, The",2000,3.0
318890,Sumpah orang minyak,1956,
222861,Muro-ami,1999,6.0
4733,Abe Lincoln in Illinois,1964,
187033,Lee Ju-il ribbadong sajang,1980,
97848,Effie's Burning,1990,
230108,Net Keeper,2003,9.0
87148,"Dirch, dansk og dejligt",1993,
79932,"Day with the Meatball, A",2002,6.3
62280,"Chippendales Murder, The",2000,
165970,Jaws of Satan,1981,2.9
60425,Chelovechka narisoval ya,1960,
233469,No Act of God,1977,
205709,Maridos em Frias,1972,
38813,"Bishop's Wife, The",1947,7.6
378466,"ltimo penalty, El",1984,
107928,Falling Words,1997,8.6
106994,"Fabulosas del Reventn 2, Las",1983,
276838,Return to Babylon,2004,
210206,Mel Gibson's Unauthorized Video Diary,1991,
138822,"Happy Hooker, The",1975,3.1
28912,Banco,2000,
196235,Love's Lariat,1916,
148963,Honeymoon of Horror,1964,
25613,Aysecik - Fakir Prenses,1963,
35255,"Better Place, A",1997,5.9
354272,VIII premios Goya,1994,
367512,"Woman in Red, The",1984,5.4
159326,"Indrogables, Les",1972,
346840,Uneasy Virtue,1931,
96632,Eagle Commandos,1968,
345096,Un caf... l'addition,1999,
67958,Comedian Harmonists,1997,7.2
140824,He nacido en la ribera,1972,
197473,"Luna vale un milln, La",1945,
200925,Maidstone,1970,4.5
113363,Final Justice,1998,
302301,"Simuladora, La",1955,
175740,"Ketchup Conspiracy, The",2001,
211322,"Mercenari raccontano, I",1985,
71757,"Country Mouse, The",1914,
83333,Derzost',1971,
217295,Moja domovina,1997,
16114,And the Soul Shall Dance,1978,
108860,Fantik,1975,
245642,Over the Garden Wall,1920,
305074,"Slipping-Down Life, A",1999,6.4
338023,Trans,1998,6.0
274450,Redeeming Love,1916,
201676,"Making of 'Golden Girl', The",1979,
236458,Nueve reinas,2000,7.6
67133,College Girls,1968,
200334,Magical Mystery Tour,1967,
69532,"Confusion des sentiments, La",1979,
302003,Silver Spurs,1922,
335287,"Tommy Chong Roast, The",1986,
236421,Nuestro idioma,1969,
370567,"Yankee From the West, A",1915,
189025,Leyenda de fuego,2001,6.2
337189,Toyland,1930,
171964,Kaddish,1985,
77910,Danger - Keine Zeit zum Sterben,1984,
284900,Sabor rojo,1998,
165818,Jarn sen starho mldence,1910,
83220,"Dernier rebelle, Le",1991,
127635,Gigolettes,1932,
190004,"Life and Death of 9413: A Hollywood Extra, The",1928,6.4
228303,"National Music Awards 2003, The",2003,
330314,"Thief of Time, A",2004,
51006,Byeol,1961,
13742,America's Sweethearts,2001,5.8
196241,Love's Masquerade,1916,
110283,Fear of Falling,1993,
201667,"Making of 'Evil Dead II' or The Gore the Merrier, The",2000,
66891,"Cola, Candy, Chocolate",1979,
303872,Sketches of a Strangler,1978,
94447,Du zi deng dai,2004,
295180,"Settimana della sfinge, La",1990,6.1
247915,Pants on Fire,1998,7.3
376122,Zum Beispiel Sonja W.,1985,
342014,Turning the Tables,1910,
288252,Sarge,1971,
306490,So This Is Love,1953,4.4
233826,No One Said It Was Going to Be Easy,1997,
188825,"Letzter Wille, Ein",1994,
336070,Torero 68,1968,
330264,Thi kendes for ret,1942,
348671,uristen@menny.hu,2000,8.3
378122,smy dzien tygodnia,1958,8.0
269729,Qui a tu Max?,1910,
203064,"Man From Sundown, The",1939,
39108,BJ and the Bear,1978,
161604,Introduction,1982,
333148,Timber,1941,7.2
58856,"Champion du rgiment, Le",1932,
114842,Flame in the Streets,1961,5.4
312415,Srdecny pozdrav ze zemekoule,1982,6.8
300565,Shvil Hahalav,1997,7.4
58319,Ceux de 1830,1930,
2360,"37th Annual Academy Awards, The",1965,
362875,When Joey Was on Time,1912,
356449,Vol nuptial,1989,
246419,Padrino Pelado,1930,
148503,Homenaje a Diego Rivera,1975,
298650,Shetlandsgjengen,1954,8.2
353516,"Victors, The",1963,6.7
14673,Amor de lejos,1954,
307987,Somebody's Darling,1925,
168725,Johnny Ostrich and His American Songbag,2002,9.6
114666,"Five O'Clock Girl, The",1928,
373515,Za vitrinnoj univermaga,1955,
141547,Heat After Dark,1996,6.0
95975,Dziewczyny do wziecia,1972,
16632,Angel (1999/III),1999,
1748,2004 MTV Movie Awards,2004,
328748,"Tesouro de Zapata, O",1968,
108065,Falstaff,2001,
88199,"Divorcio que viene, El",1980,1.9
126504,Get Carter,1971,7.3
241700,One Punch O'Day,1926,
75864,"Cyclops, Baby",1997,
10518,Ali Baba Bunny,1957,8.0
357543,"Vuelvo a vivir, vuelvo a cantar",1971,
161278,Intimate Portrait: Jean Harlow,1999,
17965,Another Flush,2003,
54466,Captain Courtesy,1915,
308011,Someone Like You...,2001,5.7
69905,Contact: Talking to the Dead,2002,
373711,Zakhmi,1975,
250881,Patvi hamar,1956,
323123,Taiga,1958,
334208,To Kill a Dead Man,1994,6.5
112076,Fiesta aldeana,1955,
107722,Falkens ga,1998,7.0
60396,"Chegou a Hora, Camaradas!",1969,
338422,Traumnovelle,1969,
201867,"Making of Jackie Chan's 'Mr. Nice Guy', The",1997,
376936, l'arrach,2004,
337920,Tramp Tramp Tramp,1935,
174307,Kasarmin tytr,1954,
357788,Vpeli Krmy ja marsalkan sauva,1990,4.5
308643,Song of the Sarong,1945,
125345,Gelin cicegi,1971,
202266,"Male oscuro, Il",1990,6.0
226815,"Naissance d'une banlieue, mort d'un village",2000,
318371,Sugar Valentine,2004,
106893,"Fable of the Kittenish Super-Anns and the World-Weary Snipes, The",1916,
344945,Umi ga Kikoeru,1993,
220602,Movietone Melodies: Charlie Barnet and Band,1949,
356853,Vore venners vinter,1923,
270221,Raba lyubvi,1976,7.3
275271,Rekvijem za teskasa,1974,
249885,Pasja,1978,
327016,"Tejedor de milagros, El",1962,
25462,"Awful Adventures of an Aviator, The",1915,
366882,Within an Inch of His Life,1914,
225882,Na krilima maste,1965,
183917,Lagi lagi senario,2001,6.1
374173,Zavtra,1991,
319921,Surfacing,1981,5.0
26420,Baby Sitters' Jitters,1951,6.2
48730,Buddy's Bug Hunt,1935,
276724,"Return of Rusty, The",1946,
149904,Hospital general,1958,
305176,Slow Poke,1932,
314940,Sting: The Brand New Day Tour - Live from the Universal Amphitheatre,2000,
206630,Martin,1977,6.8
235473,Not of This World,1991,
171191,Just Looking,1999,6.2
106443,Extremely Dangerous,1999,
250795,"Patrullero 777, El",1978,5.3
210432,Melody Ranch,1940,6.7
218825,Moonshine Valley,1922,
173680,Kapitan,1973,
369230,WWE Unforgiven,2002,
7198,Advice to the Lovelorn,1933,5.3
293116,See What Happens,2002,
315351,Stopp (2001/II),2001,6.8
155903,If Wishes Were Horses,2002,
75421,"Cure, The",1995,6.8
239380,Okinawa no shonen,1983,
301621,Silent Dust,1948,
192826,Livvagten,2003,
372312,You're an Education,1938,5.8
272956,Rawhide,1951,6.6
178188,Kissed,1922,
101444,"Engrenage, L'",1919,
244276,Otello,1982,
136048,Gunsmoke in Tucson,1958,3.5
349141,Uuno Turhapuro muuttaa maalle,1986,5.5
48442,Bu wen nu xue tang,1994,
22930,At the End of His Rope,1916,
323964,Talk of the Devil,1968,
189692,"Liebe, so schn wie Liebe",1972,
237574,O'ra es cuando chile verde,1986,
90708,"Donna libera, Una",1956,
310697,"Speech: Function of Gestures, The",1949,
325397,Tatort - Alptraum,1999,
16990,Anglo Saxon Attitudes,1992,
149642,Hornblower: Retribution,2001,
305609,"Smiling Lieutenant, The",1931,7.4
203097,"Man from Yesterday, The",1932,
304300,Sky Murder,1940,5.0
173147,Kampen om Mardla,1972,
334378,To Turn a Trick,1967,
174715,Kattbreven,2001,5.8
113115,Fils de France,1946,
189881,Lieder klingen am Lago Maggiore,1962,
96769,Earthlings,2003,5.1
128584,"Girl, The",1986,6.1
79231,"Daskala me ta xantha mallia, I",1969,6.6
115650,Flitterwochen,1936,
316619,Street Fighter EX 3,2000,
71410,Costo Argentino. Historia: Urbanas,2002,
47996,"Brothers: A Conversation with Gary Hardwick, The",2001,
5505,"Accountant, The",2001,7.3
296859,Shadow Valley,1947,
135644,"Guitarra muda, La",1953,
59341,"Chaperon, The",1916,
260292,Pop Goes the Easel,1935,8.5
26019,"Babaeng putik, Ang",2001,
184553,Landmandsliv,1965,6.5
292442,"Secret Kingdom, The",1916,
374467,Zemrat q nuk plaken,1977,
325943,Tatort - Wir werden ihn Mischa nennen,1986,
148840,Hondo,1953,7.1
69054,Conceio,1960,
86397,Diesel nostalgie,2002,
270440,Rachel's Attic,2002,3.1
281220,Romera,1958,
239321,Okami,1955,
350203,Vampire Obsession,2002,
181117,Krokodil Gena,1971,7.5
362521,What's On,1997,
361226,Welcome to L.A.,1976,5.4
353195,"Viaje de Arin, El",2000,8.1
279255,"Rivolta dei gladiatori, La",1958,4.9
255246,Picknick im Schnee,1999,
88324,Dilogos de la paz,1965,
276761,Return of the Frog,1938,
172463,Kakav dan,1979,
292724,"Secretas intenciones, Las",1970,
21555,As Young as You Feel,1951,6.2
212315,"Mezzos, The",2003,
371581,Yin yang dao,1969,
17534,Anna Karamazoff,1991,
243772,Orphe,2003,
351527,Vendetta per vendetta,1968,
122977,"Gala Christmas in Vienna, A",1997,
243525,Oriental Love,1917,
162366,"Iron Maiden, The",1962,5.7
260380,Popeye's 20th Anniversary,1954,3.5
208215,"Mauvais coups, Les",1960,
5360,Acapulco Gold,1978,4.1
21446,As God Made Her,1920,
298068,She's a Sheik,1927,
231919,Night Games,1974,
290325,School for Charm,1950,
18391,Antoito vuelve a casa,1969,
99962,Emma Sunz,1985,
213566,Mijnheer gaat op jacht,1976,
166783,Jeo nunbate saseumi,1969,
179376,Koi ni utaeba,2002,7.3
225985,Na Tum Jaano Na Hum,2002,5.8
21295,Artistry on Ice,1994,
336267,"Torrente, el brazo tonto de la ley",1998,6.6
346266,Underground,1976,5.5
41006,"Blonde for a Night, A",1928,
354074,Vier Rakkers en een oude jeep,1959,
237568,O'Malley of the Mounted,1921,
173318,Kandyland,1987,2.6
213784,Milan,1967,7.9
315386,"Store drber, Den",2004,
10648,Alibi perfetto,1992,5.0
47682,Broncho Billy's Cowardly Brother,1915,
145944,His First Long Trousers,1911,
345347,Un martien  Paris,1961,
266623,"Psychopath, The",1973,3.6
334504,Tod,1994,
106493,Eye for an Eye,1996,5.6
174189,Karosszk,1939,
11079,All Aboard,1925,
169581,Joy - scherzi di gioia,2002,
17375,Anji,2004,
109618,"Fatal Chocolate, The",1912,
372843,Your Friend and Mine,1923,
50242,Bussen,1963,5.1
227781,Narradores de Jav,2003,7.3
241943,Oni vstretilis v puti,1957,
59193,Channeling Alphonse,2003,7.6
157290,Improper Channels,1981,4.9
77357,"Dame de pique, La",1965,
347791,Unter Palmen am blauen Meer,1957,
122448,Fdelsedagen,2000,6.2
333057,Till the Sands of the Desert Grow Cold,1914,
352070,"Verbrechen des Professor Capellari: Tote schweigen nicht, Die",2000,
106285,Extras,1998,4.7
116426,Folias Cariocas,1948,
361638,West of Singapore,1933,
76184,D-dag - Carl,2000,
307472,"Soledade, a Bagaceira",1976,
87122,"Diplomats, The",1929,
301299,"Signaleur, Le",1997,4.2
20912,Arsnic i puntes de coix,1996,
328878,"Testemunha, A",1998,
7506,"Affare si complica, L'",1942,
332971,Tijeras de papel,1991,
281180,Romeo and Me,2004,
217216,"Moi Ivan, toi Abraham",1993,7.5
35276,"Better Wife, The",1919,
203479,"Man Who Cheated Himself, The",1950,7.7
239762,Old Overland Trail,1953,5.9
332133,Thunderpants,2002,4.2
167888,Jinju tab,1960,
19658,Aranjuez,1971,
30678,Basket Case,1982,5.6
218376,Monster Maker,1989,
47903,Brother's Keeper,1992,7.6
258891,Point of View,1990,1.7
359211,War Clouds in the Pacific,1941,
87542,Disaster on the Coastliner,1979,
148737,"Homme traqu, L'",1946,
332096,Thunderdome,2003,
111425,"Ferocious Pit, The",2004,
314519,Stereocubed,2000,
331328,"Three Cornered Hat, The",1986,
347562,Unruly Fan Unruly Star,1996,
109857,Father of the Bride Part II,1995,5.5
244701,Otto the Sleuth,1916,
258303,"Plunger, The",1920,
12723,Aluohan shen shou,1989,
56861,Catch as Catch Can,1931,
92556,Dr. med. Sommer II,1970,
239385,Okite yakuza,2003,
197808,Lusten till ett liv,1999,5.7
12105,Alma Sertaneja,1919,
202895,Man and His Woman,1920,
325888,Tatort - Tote reisen nicht umsonst,1980,
130405,"Going Places with Lowell Thomas, #8",1935,
196688,Luba,1990,
102327,Erakkorapu,1999,
178386,Kiyida,1998,
289266,Say! Young Fellow,1918,
278917,Rites,2001,
67784,Come as You Are,1996,
306001,Snapshot,1979,3.4
72815,Creampuff,1998,9.1
262219,"Pozor, vizita!",1981,7.1
165521,Jang Hie-bin,1961,
67011,"Colegialas, Las",1946,
5904,"Acting Business, The",1933,
96403,Dnde qued la bolita,1992,4.3
77934,Danger Has Two Faces,1967,
377616,brenjrk,2002,6.8
38136,Billy: Portrait of a Street Kid,1977,
199074,"Maciste, l'eroe pi grande del mondo",1963,4.3
280363,Roderick's Ride,1912,
83594,Desert Greed,1926,
65386,Claudine's Return,1998,3.5
307540,Solim daesa,1984,
275656,Rendez-vous in het paradijs,1957,
214143,"Millionaire for Christy, A",1951,6.0
236121,Now You See It,1947,
99325,Ella,1999,
33813,"Belva, La",1970,4.5
362739,When Danger Calls,1927,
223489,Muttertag,1993,7.6
230258,Neutral Ground,1999,
53336,Can-Can,1960,5.9
149629,"Horloge magique ou la petite fille qui voulait tre princesse, L'",1928,
270724,Radyo,2001,
352872,Vesyolyye rasplyuyevskiye dni,1966,
56889,Catch-22,1970,6.9
28702,Baltijskoye nebo - 1 seriya,1960,
112591,Fighting Snub Reilly,1924,
274871,Reggae: The Story of Jamaican Music,2002,
43875,"Boogeyman, The",1980,4.7
76562,Daddy and Them,2001,5.0
87344,"Dirty Immigrants: All for One, The",2004,7.8
117092,For Love of You,1933,
29663,Barbara Wood: Traumzeit,2001,
32573,Bee at the Beach,1950,6.7
118147,Fotografando Patrizia,1985,5.4
260909,Porte aperte,1990,6.5
68027,Comedy's Dirtiest Dozen,1988,4.3
71948,Courrier Sud,1936,
58778,Chameleons,1989,
239010,"Oh, cielos",1994,2.8
281473,Rooms for Rent,1927,
287494,Sanguine,1992,
300926,Sideshow,2000,3.6
226198,Nachbarn sind zum rgern da,1970,1.7
341973,Turnaround,1987,4.8
175889,Khaidi No. 786,1988,
233829,No One Would Tell,1996,
199604,Mademoiselle Modiste,1926,
82266,Delancey Street: The Crisis Within,1975,
45431,"Boy Girl, The",1917,
151196,Housekeeping,1987,7.0
200478,"Magnificent Fraud, The",1939,
109654,"Fatal Hour, The",1920,
316909,Striden gr vidare,1941,
179029,"Knockout, The",1914,6.7
19298,April Showers,1948,6.0
240951,On Top Down Under,2000,7.3
83527,"Desempregados, Os",1972,
111104,"Femme  l'orchide, La",1952,
359201,"War Bride's Secret, The",1916,
167911,Jinsha jiang pan,1963,
293475,Seidan botan-dr,1972,
180891,Krhotine,1991,7.4
330241,They Won't Forget,1937,7.6
142424,Hell Up in Harlem,1973,4.8
253831,"Pet zena, a iz nase kuce",1980,
47839,Brosok,1981,
220049,"Mother's Vengeance, A",1992,
269532,Quem Matou Anabela?,1956,4.0
35586,Beware of Time,2004,
137003,Hacerse el sueco,2001,6.3
99245,"Elisir d'amore, L'",1941,
312646,"Staatsanwalt hat das Wort - Hubertusjagd, Der",1985,
204630,"Manoir du diable, Le",1896,5.0
167528,Jiggs and Maggie in Jackpot Jitters,1949,
360821,"Week Before, The",1998,8.6
199430,Madari,1959,
86567,Digmaan ng damdamin,1952,
83401,DES: An Uncertain Legacy,1985,
184085,Lake Carrier,1942,
226364,Nacidos para morir,1991,
177335,King Lear,1916,
283061,Ruf der Wlder,1965,4.0
149142,Honor Bound,1988,5.6
261418,Posse,2003,
217081,"Moffengriet - Liebe tut, was sie will",1994,
127683,"Gilded Cage, The",1916,
197108,Ludovic II: un crocodile dans mon jardin,1999,6.7
25633,Ayvaz kasap,1964,
42633,"Boda del seor cura, La",1979,
131754,Goodbye Rockefeller,1993,
260224,Poor Little Rich Girl,1936,6.5
80500,Dead Lucky,1960,
180353,Koroido romie,1981,
180612,Kozara,1963,8.2
194470,"Lord Loves the Irish, The",1919,
322498,Schtig - Protokoll einer Hilflosigkeit,2004,
122093,Furyo bancho yarazu buttakuri,1971,
223389,Mutiny Ahead,1935,
225929,Na Ponta da Faca,1977,
198026,Lydia Bailey,1952,5.3
225972,Na swoje podobienstwo,2002,
158869,"Incoronazione di Poppea, L'",1979,
164123,Izzat,1968,
165090,Jakarta,2000,6.9
226940,Naked Hearts,1916,
285386,"Saga de Madiana, La",1981,
299531,Shoe Shine Boys,2000,7.2
66581,Code (2004/II),2004,
186304,"Law of Compensation, The",1917,
364933,Wie sagen wir es unseren Kindern?,1945,
332281,Tian cai yu bai chi,1975,7.4
67682,Comanche Station,1960,7.0
2721,50 Sexiest Video Moments,2003,
33799,Beloye ozero,1992,
309574,Soulmate,2003,
241235,One Against One,1912,
352610,"Verte mne, lyudi",1964,
257708,"Playful Pelican, The",1948,
304185,Skrift i sne,1966,
185523,"Last Outpost, The",1951,4.8
343785,U banji jednog dana,1976,
278727,Riptide,1934,6.0
244651,Otryad Trubachyova srazhayetsya,1957,
330514,"Third Finger, Left Hand",1940,5.9
42311,Bob,1999,
141498,Hearts of Humanity,1932,
214083,"Million Dollar Collar, The",1929,
363151,When the Spirits Fell,1916,
295040,"Sesso degli angeli, Il",1968,
156154,Ik zag Cecilia komen,1977,
299014,Shinbu sueob,2004,
107046,"Face at the Window, The",1910,
224188,My Neighbor's Wife,1925,
321971,Syskonbdd 1782,1966,6.5
370615,Yapian zhanzheng,1997,5.9
274570,Reel Comedy: Austin Powers - International Man of Mystery,1997,
10996,Alipin ng tukso,2000,
3277,99 River Street,1953,6.6
234452,Nocno dezurstvo sestre Grizelde,1968,
232668,Nikolai Bauman,1968,
344269,Ukanaskneli djvarosnebi,1934,
212736,Michael Madana Kamarajan,1991,8.7
133110,Grandi magazzini,1986,3.6
231330,"Niagara, Niagara",1997,6.2
316252,"Stranger Than Fiction, #2",1934,
123471,GameStars,2004,
110829,Felix on the Job,1916,
87497,Dis-moi oui...,1995,6.4
124155,"Gare de..., La",2000,
173513,Kansas,1995,
151675,How to Succeed in Business Without Really Trying,1967,7.0
254315,Peut tre si j'en ai envie...,1997,
27682,Bagong hari,1986,
161511,Into the Primitive,1916,
260567,Por tierras de las Siete Villas,1963,
193504,Lola rennt,1998,8.2
42846,Bodyjackers,2001,
296768,Shadow of a Doubt,1991,
54648,Captive Rage,1988,3.3
340532,Trouble on the Stage,1913,
139503,Harmon of Michigan,1941,
310262,Spanglish,2004,
191273,"Lion's Den, The",1936,
213368,"Miedo no anda en burro, El",1976,
340824,True Romance,1993,7.7
65493,Cleaning Up,1930,
75289,Cupid and the Motor Boat,1910,
285213,Sae eomma,1963,
35336,Betty Boop's Crazy Inventions,1933,6.4
80399,Dead Beat,1994,4.7
104930,Eve's Dropping In,2003,
171537,"Jchyme, hod ho do stroje!",1974,6.9
198648,Ma yong zhen,1972,7.9
114986,Flaneur,1993,
362380,What Rats Won't Do,1998,6.2
307732,Soluk gecenin ask hikayeleri,1966,
169258,Jos Rodrigues Miguis,1998,
112587,"Fighting Sheriff, The",1925,
47713,Broncho Billy's Pal,1912,
116496,Follie per l'opera,1948,
142985,Her Alibi,1989,5.2
213069,Midnight,1934,5.6
365220,Wild Card,1992,
334153,To Die For,1994,5.6
13462,Amb el 10 a l'esquena,2003,
367505,"Woman in His House, The",1920,
113894,Firebrands of Arizona,1944,
106641,Eyes of the Forest,1923,
257877,Playthings,1918,
355722,Vito e gli altri,1991,6.4
319502,Super-Speed,1935,
377118,lbum de Famlia,1981,6.9
93089,Dream Faces,1926,
71006,"Correras del Vizconde Arnau, Las",1974,
264064,Prince of Players,1955,6.5
162679,Ishi: The Last Yahi,1992,7.9
30180,Barney Live! In New York City,1994,
38205,Binart,1987,
20187,Arinka,1940,
137203,Hail Columbia!,1982,8.4
156905,Imbarco a mezzanotte,1951,5.4
44338,Bordertown Gun Fighters,1943,5.8
94808,"Duellists, The",1977,7.3
140010,Hating Alison Ashley,2004,
96332,"Da que me quieras, El",1986,
186416,Lawless Trails,1926,
346661,Une maison... un jour...,1970,
116002,Fluff (2003/II),2003,
191512,Listen to Her Heart: The Life and Music of Laurie Beechman,2003,
296510,SF: Episode One,1998,7.2
22929,At the End of a Perfect Day,1915,
171392,Justified Technophobe,2000,
16762,"Angel Wore Red, The",1960,5.2
81337,"Deathhead Virgin, The",1974,4.3
298252,Sheid gurvu,1999,6.5
188995,"Ley de la mafia, La",1990,
28059,Bakayar!: Watashi okkote masu,1988,
285696,Saimt el Qusur,1994,7.6
360027,"Waterboy, The",1998,5.4
106638,"Eyes of the Amaryllis, The",1982,5.3
327369,Temna arena,1988,
261695,"Potter's Meal, The",1992,
169228,Josselyn's Wife,1919,
295210,Seul contre tous,1998,7.2
145228,"Hijo del Santo en el poder de Omnicron, El",1991,
136509,Gypsy,1962,7.2
225819,Na cidade vazia,2004,
51613,Cabecita rubia,2001,
115045,Flash 29,1968,
118094,"Fort dsenchante, La",1981,
196764,Luchadores de las estrellas,1992,
169830,"Jubilo, Jr.",1924,
253186,Perjury,1921,
80330,De terre et de sang,1992,
10550,"Ali, the Fighter",1971,
224155,My Mother India,2001,6.1
211847,Messidor,1979,7.4
8583,"Agenta, Corao",1984,
133397,Graziella,1954,
325995,"Tattoo, a Love Story",2002,5.2
260454,Popular Science (1939/II),1939,
355745,"Viuda blanca, La",1970,
203645,"Man with the Empty Room, The",2001,5.9
116325,Flgel und Fesseln,1985,6.5
316898,Strictly Illegal,1935,
301175,"Siete espartanos, Los",1962,5.0
126273,"Gerona, puerta de Espaa",1976,
63410,Chulsagado,1968,
41055,Blondes,1921,
172303,Kailan ka magiging akin,1991,
22840,At It Again,1912,
39037,Bix,1991,6.1
26022,BabaKiueria,1986,
217977,Money Madness,1948,3.9
29542,Bar Z's New Cook,1911,
241629,One of Our Girls,1914,
90302,Don't Get Jealous,1929,
342544,Twin Husbands,1934,
309829,"South of Heaven, West of Hell",2000,3.9
54514,Captain Jinks' Widow,1917,
199820,Madri pericolose,1960,
140442,Hawaii,1966,6.0
329636,"Thavma tis megaloharis, To",1965,
128369,"Girl of the Golden West, The",1915,
5825,Across the Great Divide,1913,
41843,"Blue Knight, The",1973,
55331,"Carnaval del diablo, El",1936,
159990,Innocent,1918,
212344,Mi adorada Clementina,1953,
81574,Deception,1918,
366868,With This Ring,1978,
220724,Mozart's The Magic Flute,1978,
272534,"Rasputin, the Black Monk",1917,
76350,Da obichash na inat,1986,8.5
107987,"False Alarm, The",1926,
283175,Rule Thyself,1913,
173422,Kanli meydan,1965,
320556,Sve su plave,1978,
198348,"Lopard, Le",1984,5.5
157252,"Impostor, The",1984,
350575,Varakatnam,1968,
131431,Good Fences,2003,
315170,"Stolen Wireless, The",1909,
351712,"Vengeance de la femme en noir, La",1997,3.8
333324,Time Piece,1965,9.8
333493,Timothy's Quest,1936,
377277,"mes fortes, Les",2001,5.5
361783,"Western Sister's Devotion, A",1913,
269340,Queen of Outer Space,1958,3.5
252575,Peppers and Nudes: The Photographer Edward Weston,2004,
252301,Penrod's Double Trouble,1938,
210063,Meine Frau,1929,
230433,Never Twice,1995,
8196,"Age of Uncertainty, The",1977,
312422,Srecan put ciko,1965,
46064,Brat,1997,6.8
357034,"Voyage de Maryam, Le",2003,
22040,Ask orada basladi,1962,
18953,Apocalypse (1998/I),1998,
303571,Sixty Cups of Coffee,2000,7.3
369206,WWE Bad Blood,2004,
164399,Jack Armstrong,1947,7.3
57925,"Centeotl, Dios del maiz",1989,4.7
195315,Love Among the Roses,1910,
127481,Gideon's Day,1958,6.4
306312,Snowboard Academy,1996,2.0
324040,Tall Tale,1995,4.7
144497,"Hibari, Chiemi, Izumi: Sannin yoreba",1964,
309526,Soul of the Game,1996,
345026,Un aller simple,2001,4.4
299614,Shona May,1988,
63801,Cici katibem,1960,
116193,Flying Fists,1937,
316009,Strange As It Seems #28,1933,
4233,Aalu Magalu,1957,
169783,Juan soldado,1938,
277964,Riders of the Black Hills,1938,
30668,"Basilisk, The",1914,
224975,"Mlaga, vino y sol",1974,
294479,Seopyeonje,1993,7.7
23448,Attack of the B-Movie Monster,2002,
134154,Greetings,1968,5.6
24364,"Ausbruch, Der",1996,
252036,Pellas et Mlisande (1999/I),1999,
74249,Cry Vengeance!,1961,
227204,Namjaui hyanggi,1998,3.1
235889,"Nova Estrela, A",1971,
16315,Andorra ou les hommes d'Airain,1942,
213723,"Mil y una aventuras del metro, Las",1993,
64554,Circus of Horrors,1960,6.0
225702,"Msica do Quotidiano, A",1978,
46686,Briar Patch,2003,2.3
308603,Song of Revolt,1937,5.3
207570,Mat Mariya,1982,
324609,Tansy,1921,
102838,Erotic Witch Project 2: Book of Seduction,2000,
212630,Miami Vendetta,1987,
13392,"Amazing Spider-Man, The",1977,
92074,Dove vai tutta nuda?,1969,
345496,"Un spcialiste, portrait d'un criminel moderne",1999,7.2
232397,Nightlife,1990,
306324,Snowdrift,1923,
131974,Gordon Bennett,1989,
371633,Yinghung bunsik II,1987,7.1
89310,Dogs Is Dogs,1931,8.4
14324,Amestoy con vosotros: Nmero 8,1969,
360909,Weekends,1981,
358688,"Walkre, Die",1990,
193801,"Lonelys, The",1999,
323562,Taking a Rest,1916,
126076,George's Many Loves,1927,
174234,Karu sda,2001,7.3
129850,Go with the Fro,2001,
160976,Internetrix,2004,
364141,Who Are We?,1974,
236287,Nu zi tai quan qun ying hui,1974,4.1
93024,Drawing First Blood,2002,
94749,Duel (2004/III),2004,
49467,Bumble's Job,1916,
307425,Soldiers of the King,1934,5.1
221596,Mud and Sand,1922,5.4
287133,Sanctuary,2001,
129135,Gjeneral gramafoni,1978,
304172,Skotines nihtes kato ap'to feggari,2000,
125300,"Geld liegt auf der Bank, Das",1971,
359482,Warning Sign,1985,5.4
89294,"Dognapper, The",1934,6.6
147378,"Hola, ests sola?",1995,6.8
163679,Itaewon bamhaneule migugdali deuneunga,1991,1.8
47632,Broncho Billy and the Girl,1912,
185162,"Last Coupon, The",1932,
11468,All Stuck Up,1930,
267530,Purlie,1981,
342147,Tuvalu,1999,7.1
187691,"Lemon Drop Kid, The",1951,7.0
47309,Broadway Big Shot,1942,
244910,Our Pet,1924,
191248,"Lion King: A Musical Journey with Elton John, The",1994,
324537,Tanja,1969,
211324,"Mercenario II, El",1983,
292820,Secrets of a Mother and Daughter,1983,
6478,Adis Naboelk,1995,
145812,His Bridal Sweet,1935,
207011,"Mara, la santa",1977,
378432,ltimo da,1952,
366040,Windmills on the Clyde: Making 'Donovan Quick',2000,
278135,Rien ne sert de courir,1999,
178461,Klamek ji bo Beko,1992,7.4
285597,"Saigneurs, Les",1993,
278965,"Ritorno d'Ulisse in patria, Il (2002/II)",2002,
297392,Shanghai Woody,1971,
207152,"Mask, The",1913,
134580,Groping,1980,3.6
69583,"Congrs des belles-mres, Le",1954,
302965,Sinterklaas en het gevaar in de vallei,2003,
162419,"Iron Woman, The",1916,
351476,"Vencidos, Os",1963,
112085,"Fiesta de la vendimia, La",1962,
161727,Invasion,1997,
108994,"Faraona, La",1956,
236311,"Nuclear Boy Scout, The",2003,
94610,"Dude Wrangler, The",1930,
359933,Water,2002,
372433,Young and Dangerous,1957,
220431,Mouse in the House,1967,
239398,Oklahoma Cyclone,1930,
53140,Camping,1990,3.6
280317,Roco y Jos,1983,
8613,Ah! Nomugi toge - Shinryokuhen,1982,
165144,Jal dwaegabnida,1989,
341426,Tub Cleaners,1926,
220573,Movie Stuntmen,1954,
9081,Air-Tight,1931,
16887,Angels Crest,2002,5.3
221559,Muchachas de azul,1957,
239243,"Ojazos de mi negra, Los",1940,
196221,Love's Justice,1913,
311080,Spiel der Spiele,1999,
313,(Haru),1996,
370742,Yatna,2005,
114735,Fixin' Fool,1951,
44447,Born of the People,1916,
4831,Abgefunden,1982,
247576,Panic on the 5:22,1974,
261339,Poslednja Krapova traka,2004,
127100,Ghost Dancing,1983,
218799,Moonlighting,1985,
19260,Apri gli occhi e... sogna,2002,
139458,Harlem Rides the Range,1939,5.3
168765,Johnny Yuma,1967,5.9
246855,Paixo Tempestuosa,1954,
185592,Last Rites,1980,4.0
93443,Drei Mnner im Schnee,1974,
5189,Absolutamente Certo,1957,6.0
334651,Todo el horizonte para morir,1971,
613,10 Days in a Nudist Camp,1952,
217352,Mokmawa suknyeo,1976,
248310,Parabns!,1997,7.5
141495,Hearts of Darkness: A Filmmaker's Apocalypse,1991,8.2
33105,Bei der blonden Kathrein,1959,2.9
103482,"Escuadrn de la muerte, El",1985,
165418,Jane,2000,
338792,Treasure Island Kids: The Mystery of Treasure Island,2004,
360166,Way Down East,1935,4.3
217721,Mon pre avait raison,1936,9.2
315175,"Stolz der Firma, Der",1914,5.7
167404,Jia ting shuo shi lu,1984,
48435,Bu san,2003,6.8
70588,"Coq d'or, Le",2003,
293090,See How They Grow: Tree Animals,1995,
338262,"Trapp-Familie in Amerika, Die",1958,5.1
168889,Joleobsaeng,1976,
275673,Rendezvous,1999,
298202,Sheep Stealers Anonymous,1963,
271280,"Rainier de Monaco, S.A.S. ou P.-D.G.",1974,
245645,Over the Goal,1937,
265678,Prom Night,1980,4.6
345532,Un voyage autour de la Terre,2003,
100285,En chemin,2003,
222668,Murder in the Heartland,1993,
302898,"Sino-Dutch War 1661, The",2001,
179109,Ko to tamo peva,1980,7.8
108600,"Fanimatrix: Run Program, The",2003,
299094,Shinku,1997,
272619,Rata de tnel,2004,
354661,"Vincent, Franois, Paul... et les autres",1974,7.2
211826,Messengers,2004,
269717,"Queue de la comte, La",1988,
144637,"Hidden Woman, The",1922,
216542,"Mido da Bica, O",1963,
358354,Waiting for Woody Allen,2004,
42068,Blues in the Night,1941,6.0
12910,Ama a tu prjimo,1958,
27796,Bai fen bai gan jue 2,2001,5.2
310083,Space,1997,
50313,Buster's Little Game,1913,
303473,Six Gun Man,1946,
214213,Millones de Semillita,1950,
28992,"Bande des quatre, La",1988,7.9
230818,"New Superintendent, The",1911,
166402,Jedanaesta zapovijed,1970,
280158,"Rocket Man, The",1954,4.6
285900,Sakkubai,1935,
742,100 Years: The Australian Story,2001,
173020,Kamenskaya: Illyuzia grekha,2003,
240457,On Borrowed Time,1939,8.1
309141,"Sorceress, The",1993,
255385,Pido nunmuldo eobshi,2002,7.0
312124,"Spurv i tranedans, En",1968,
177427,King of the Bingo Game,1999,5.1
164079,Izmir atesler iinde,1959,
137808,Hamal_18,2004,
118937,"Frankenstein Files: How Hollywood Made a Monster, The",1999,
163568,It's Joe Time!,2002,
262704,Prefontaine,1997,6.4
113485,Finding Buck McHenry,2000,
58020,Century Hotel,2001,6.8
331374,Three for the Show,1955,5.3
54999,"Carga de la polica montada, La",1964,
295835,Sex oder Liebe?,2000,
370636,Yarali kurt,1972,
357549,Vuk,1981,7.5
335320,Tomorrow at Seven,1933,7.8
10156,Alchemy,2005,
362752,When Do We Eat?,1934,
241894,"One-Way Trail, The",1920,
108743,"Fantasmas Trapalhes, Os",1987,4.0
32031,"Beauf, Le",1987,5.1
318172,Sudden Jim,1917,
212419,Mi in,2000,5.2
42693,Bodrum hakimi,1976,5.1
67246,Colonel Carter of Cartersville,1915,
220317,Mountain Justice,1930,
16328,Andre folks brn,1958,
76127,Cmicos e Mais Cmicos,1971,
137685,Halloween... The Happy Haunting of America!,1997,1.9
282276,Rouge,1984,
345852,Uncommon Valor (1983/II),1983,
7164,"Adventures of Young Indiana Jones: Adventures in the Secret Service, The",1999,
251588,"Pecadoras, Las",1968,
248291,Para siempre,1955,
261530,Postcards from the Edge,1990,6.3
370013,XXL,1997,3.5
296491,"Seorita de Chicago, La",1931,
177521,King of the Zombies,1941,4.5
86908,Ding Dong Doggie,1937,
43023,Boka Sarantonio,1985,
243363,"Oresteia, The",2001,
165070,Jak sli spt,1967,
61384,Chief White Eagle,1912,
225281,"Mnner vom K3 - Jugendliebe, Die",1992,
71819,Coup de torchon,1981,7.4
247032,Pale Blood,1990,4.3
50440,But Enough About Me...,2000,
63488,Chunjaui sarang iyagi,1975,
292761,"Secreto maximal de la familia, La",2000,
56522,"Castillo de los monstruos, El",1964,
54320,"Capitn Centellas, El",1941,
176984,Killing Spree,1987,3.1
300763,Si's Wonderful Mineral Spring,1914,
214126,Million v brachnoj korzine,1986,6.4
220916,Mr. Emmanuel,1944,7.0
203090,"Man from Thunder River, The",1943,
125395,Gemengde berichten,1995,
207883,Matisse ou Le talent de bonheur,1960,
145083,Highway Amazon,2001,
118105,Fosforlu Cevriye,1969,
340810,True Love,2003,
97030,Eaten Alive,1977,4.7
202240,Maldone,1928,7.5
139923,"Hasty Hare, The",1952,7.9
74011,Cruel Intentions 2,2000,
6936,"Adventures of Buckaroo Banzai Across the 8th Dimension, The",1984,6.1
204344,Maniqui,1985,
48796,"Buenas intenciones, Las",2000,
187151,"Legacy, A",2003,
355337,"Vision Beautiful, The",1912,
26311,"Baby der schwangeren Toten, Das",1994,
89742,Dolores Claiborne,1995,7.1
75842,Cyclone Buddy,1924,
147226,Hodina zivota,1981,
367094,Wizards,1977,6.1
223951,My Friend From India,1927,
13547,Amblin',1968,8.4
54321,"Capitn de Loyola, El",1949,
325695,Tatort - Kindstod,2001,
312600,St. Pauli Nacht,1999,6.1
364834,Widow by Proxy,1919,
169698,Joze to tora to sakana tachi,2003,8.3
191659,"Little Blonde in Black, The",1915,
153752,"Hssliche, Die",2000,
173651,Kapel',1981,
339999,Trisulam,1983,
306862,"Soda Water Cowboy, The",1927,
314884,Stillwatch,1987,
373798,Zaman,2004,
216470,Mixed Policies,1936,
107827,"Fall X701, Der",1966,5.2
180386,Korpisen veljekset,2002,
218210,Monolog eines Stars,1974,
289221,"Say Amen, Somebody",1982,6.2
292531,"Secret of NIMH, The",1982,7.2
37871,Bill's Monicker,1915,
298121,She's with Me,1982,
180738,Krasavets-muzhchina,1978,
211223,Mer bake,1996,
94593,"Duda, La",1972,
40427,Blauugig,1989,7.1
234457,Nocn motl,1941,
69971,"Contes d'Hoffmann - I racconti di Hoffmann, Les",1995,
308999,Soother,2001,
369870,XIV premios Goya,2000,
142240,"Held an meiner Seite, Der",2001,
344039,Ucieczka z kina 'Wolnosc',1991,7.5
56297,Casimir,1950,2.7
86963,Dinner at the Ritz,1937,5.1
129007,Giuditta - Freunde das Leben ist lebenswert,1970,
95510,Dutch,1991,5.6
253915,Peter Pan,1960,
336716,"Touch of the Sun, A",1979,2.5
73482,Crisis in Sun Valley,1978,
111394,Fernando de Noronha - A Esmeralda do Atlntico,1987,
138275,"Handvoll Hoffnung, Eine",1978,
141627,"Heaven Knows, Mr. Allison",1957,7.4
205292,Marco Millions,1939,
315648,"Story of an Albany Farm, The",1998,
276890,Return to Snowy River,1988,5.5
124903,Gebroken spiegels,1984,6.6
227008,"Naked Spur, The",1953,7.4
340177,"Trois mousquetaires: Les ferrets de la reine, Les",1961,5.7
98913,Electric Earthquake,1942,7.2
362441,What We Have,2000,
364093,White-Whale Hunters of Anse-Aux-Basques,1960,
375758,Zone bleue,1993,
118696,Fram fr lilla Mrta,1945,4.8
351632,Venganza Apache,1960,
75687,Cutey and the Twins,1913,
303582,Siyahli kadin,1966,
75739,Cuvar plaze u zimskom periodu,1976,6.7
92112,Down and Out in Beverly Hills,1986,5.9
274296,Red Rum,2000,
40641,Blind Date (2001/II),2001,
239790,"Old Settler, The",2001,
40178,Blackwood,1976,
293629,Seitsemn laulua tundralta,1999,7.0
2321,35 Miles from Normal,1997,6.8
84521,Deus Ex Machina,2003,
54930,Career,1959,6.4
315162,Stolen Sweets,1934,
347341,"Unknown Purple, The",1923,
215435,Miso,2003,5.0
150398,Hot Stuff,1956,5.9
288245,Sargam,1950,
357734,Vrj Vlagyimir,2001,
60649,Cheonsayeo oseul ibeora,1970,
330777,This Is No Time for Romance,1966,
118731,Frames from the Edge,1989,6.5
263173,"President's Mystery, The",1936,7.0
255510,"Piel desnuda, La",1966,
27916,"Baisers de secours, Les",1989,8.2
171234,Just Out of Reach,1979,
167625,Jim Hall: A Life in Progress,1998,
297093,"Shake, Rattle & Roll 2",1990,
331935,Throw Out the Anchor,1974,
304801,"Sleeping Lion, The",1919,
12532,Alta poltica,1957,
3143,82,2000,
305964,Snakeville's Debutantes,1915,
84486,Deuce Bigalow: Male Gigolo,1999,5.5
136961,"Habitacin blanca, La",2000,
8045,Afurika monogatari,1981,4.0
213468,"Mighty Kong, The",1998,
184233,Lambada (1990/II),1990,
87191,Direktor,1969,
36565,Bickford Schmeckler's Cool Ideas,2005,
278004,Riders of the West,1942,
316047,"Strange Case of Dr. Jekyll and Mr. Hyde, The",1989,
40559,Bleu comme l'enfer,1986,4.8
271361,Raising the Wind,1925,
107428,Fair Game,1995,3.9
51033,Byeowa sali taneun bam,1985,
337664,"Trail to Yesterday, The",1918,
252787,Pere,2000,
101868,Entre las redes,1967,
361772,"Western Musketeer, The",1922,
318592,Suli-buli,1982,
234455,Nocn hovory s matkou,2001,4.4
29550,Bar-Mitzvah,1935,
306402,So Does an Automobile,1939,5.2
143688,Herencia Imperial (frica y los Reyes Catlicos),1952,
238694,Office Space,1991,7.9
38022,Billy Makes the Cut,2003,
82733,Demons at the Door,2003,
103956,Establishing a Just Society (1972-1984),1994,
329974,There Was a Crooked Man...,1970,6.8
87664,Discussion de m. Janssen et de m. Lagrange,1895,
58288,Cet obscur objet du dsir,1977,7.7
334621,"Todesking, Der",1989,5.8
80821,Deadly Rhapsody,2001,2.4
305631,Smith's Picnic,1926,
145690,"Hire: Hostage, The",2002,7.2
131716,Goodbye America,1997,5.1
258854,Poil de carotte,2003,
188437,Let's Sing along with Popeye,1934,
95135,Dummy,2002,6.6
308898,"Sonora Kid, The",1927,
273483,Reality Unleashed,2004,
118548,Foxfire,1996,5.5
363249,When You're Smiling,1950,
189982,Life,1999,5.7
286978,San giu cheung yee sang,1999,2.5
231021,"Newlyweds' Shopping Tour, The",1927,
105726,Executive Power,1997,
204024,Mandy's Grandmother,1978,
238529,Of Muppets and Men: The Making of 'The Muppet Show',1981,
359887,Watch Your Watch,1918,
195964,Love on the Pyramids Plateau,1984,
2685,5 pollas en peligro,1986,
220637,"Moving Finger, The",1963,
180339,Korn: Who Then Now?,1997,
362118,What About Daddy?,1942,
47659,Broncho Billy Evens Matters,1915,
41095,Blondie of the Follies,1932,6.0
42966,"Bohme, La (1988/II)",1988,
35594,Beware! The Blob,1972,3.6
58924,Chanakya Chandragupta,1977,
343936,U2: The Best of 1980-1990,2002,
140036,Hatsukoi: Jigoku-hen,1968,6.8
331117,Those We Love,1932,4.9
214644,"Mini-cakes: qui a bu boira, Les",2000,
109822,Father Beauclaire,1912,
336652,Touch and Go,1955,4.0
111768,Feuerwerk,1954,5.4
287445,Sangre en Ro Bravo,1966,
111777,Feux de joie,1938,
178181,KISS: eXposed,1987,
29893,Bare Fists,1919,
376810,Por qu lo llaman amor cuando quieren decir sexo?,1992,6.7
332696,Tierra sangrienta,1979,
57508,Ce corps tant dsir,1959,
367681,"Woman's Devotion, A",1956,4.8
119108,Frats,2004,
322077,Szeptember,1999,
194868,Lost in the Stratosphere,1934,3.7
77992,Danger! Women at Work,1943,
258666,Podrzni jak inni,1969,
253898,Peter Ibbetson,1935,7.0
195955,Love on Crutches,1917,
197,'O Marenariello,1927,
122402,"Ftichiste, Le",2000,4.6
326356,Te'udat Ma'avar,1987,
276433,"Resurrection of Broncho Billy, The",1970,4.6
192630,Lives No Longer Ours,2003,
228378,Natsukashiki fue ya taiko,1967,
190954,"Limit, The",2003,4.1
82756,Demonstrator,1971,
197503,"Lunatic at Large, The",1927,
246751,Painting the Town,1992,4.6
78882,Dark Night of the Scarecrow,1981,
4198,Aakhri Goli,1977,
313432,Star Trek: Starfleet Academy,1997,
195483,"Love Boat, The",1976,
34384,"Bermuda Depths, The",1978,
155126,Ibaekoshibjo,1969,
132892,"Grand silence, Le",1997,
114582,Five,1951,6.3
69472,"Confidencias de un cineasta, Alejandro Galindo",1990,
166878,Jerk  Istambul,1967,
336767,Touch and Go,1957,7.7
128440,Girl Rush,1944,3.3
192190,"Little Rebel, The",1911,
75696,"Cutman, The",2003,7.3
342121,Tutti i colori del buio,1972,5.9
56930,"Caterpillar, contribuye al desarrollo del Plan Nacional de Carreteras",1964,
133995,"Greek Tycoon, The",1978,4.5
370075,Y maana sern hombres,1979,
95834,Dynamite,1949,
14624,Amongst Friends,1993,4.5
347083,Unidos por la garnacha,1990,
121858,Funny Valentine,2002,5.0
159872,Inmate Training: Part 1,1966,
274777,Regain,1937,8.3
3454,A Long yu xue ji,1986,
250609,Pathreela Raasta,1994,
274846,Regeneration,1915,7.3
286708,Sammy's Dilemma,2003,
129611,"Glotn, El",1967,
192814,"Livre de Marie, Le",1984,6.9
276545,Retour  la vie,1949,6.8
132646,"Gran aventura, La",1974,
163996,Iyueobtneun banhang,2001,
260327,Popdown,1967,
348023,Unutulmayan ask,1959,
83862,Desnuda en la arena,1969,
307162,Sokica,1996,
143924,"Heroes of Telemark, The",1965,6.0
352466,Veronica se ntoarce,1973,9.5
162645,Isang sulok ng mga pangarap,1994,
332081,Thunderbolt Jack,1920,
314434,"Stepdaughter, The",2000,3.5
224390,"My vesely, schastlivy, talantlivy!",1986,
124809,Gazapkhuli Sakenshi,1950,
89093,Dodir,1969,
131507,"Good Luck, Mr. Yates",1943,
17304,Aniol w Krakowie,2002,6.5
197506,"Lunatic, The (1991/I)",1991,3.9
54534,Captain Kiddo,1917,
6082,Ad Sof Halaylah,1985,
101390,Englar alheimsins,2000,7.0
304875,Sleepyhead,2000,
235745,"Notte dei fiori, La",1970,
68266,Command & Conquer,1995,
295505,Sevgili dayim,1977,
105705,"Execution of Mary Stuart, The",1895,5.1
201529,Making a Man of Johnny,1915,
347309,"Unjust Suspicion, An",1913,
10017,"Albany Bunch, The",1931,
102227,Equilibrium As Principle,1995,
271355,Raising the Heights,1998,4.9
326224,"Taxista, El",1994,
291252,"Scream Team, The",2002,
160732,Intan Mahsuri,2002,
307805,"Sombra del otro, La",1957,
121582,Full utrykning,1971,
183340,Ladies and Gentle-Men,1960,
315226,"Stone of Mazarin, The",1923,
169047,Jordan Is a Hard Road,1915,
156619,Im Blickpunkt - Landwirtschaft,1967,
269666,"Question of Honor, A",1922,
369522,Xenogenesis,1978,3.9
107581,Faithful in My Fashion,1946,4.6
117091,For Love of the Game,1999,6.1
286654,Samia,1997,
292310,Secret Agent X-9,1945,6.6
143861,"Hero of Piperock, The",1926,
114839,"Flame Barrier, The",1958,4.3
339040,Tren suburbano,2001,
146010,His Jonah Day,1920,
142430,Hell's Angel,1971,
335316,Tomorrow,1972,7.4
246488,"Pagan, The",1929,7.5
81605,"Decision of Christopher Blake, The",1948,5.7
28735,Bamanabatar,1939,
24129,Augenblick,1986,
38722,"Birthday Party for Julia Child: Compliments to the Chef, A",1992,
26487,Babylon - Im Bett mit dem Teufel,1992,
156082,II Movimento de Abertura da Sinfonia Panamrica,1988,
46662,"Brewerytown Romance, A",1914,
125272,Gel fatal,1997,
159171,Indiana Jones and the Infernal Machine,1999,
147219,Hod u tami,1992,
23318,Atomic Filmmakers: Behind the Scenes,1999,
267025,Pulnocn kolona,1972,
207260,"Masque de fer, Le",1962,6.0
60246,Checkers,1919,
313865,Startup.com,2001,7.0
366595,"Wirtshaus von Dartmoor, Das",1964,5.9
204512,"Mann, der Sherlock Holmes war, Der",1937,7.6
116516,Follow That Dream,1962,5.3
369255,WWF In Your House 16: Canadian Stampede,1997,
285844,Sajaseong,1964,
2616,"49th Man, The",1953,6.1
171622,Jzsef s testvrei - Jelenetek a parasztbiblibl,2004,
226332,Nachtroute Brussel - Luxemburg,1974,
302709,"Singing Cowgirl, The",1939,
330405,Things,1993,4.5
344762,Um Homem e Sua Jaula,1969,
24796,Avalude Ravukal,1978,
169163,"Josephine Baker Story, The",1991,
277297,Revolver (2005/I),2005,
192238,"Little Samaritan, The",1917,
187011,"Lederstrumpf, 2. Teil: Der Letzte der Mohikaner",1920,
191194,Linnaisten vihre kamari,1945,7.4
108782,"Fantastische Nacht, Das",2003,5.5
236046,"Novo, novo vrijeme",2001,
92387,DR-Explorer i steuropa,2001,
100662,Enchanted April,1935,6.4
19187,Apprentice,1999,7.2
370117,Y2K (1999/I),1999,4.2
62037,China O'Brien II,1991,4.3
202667,"Mama, ich lebe",1977,8.7
223478,"Mutter, ich will nicht sterben!",1994,
230595,New Delhi Times,1986,8.2
344547,"Ultimate Thrill, The",1974,6.0
138506,Hans im Glck,1949,
350181,Vampire Circus,1972,6.0
333194,Time Barbarians,1990,3.2
141788,Hedda Gabler,1917,
300481,Shunkin monogatari,1954,
58888,Champions Juniors,1951,
63799,Cici berber,1933,
9965,Alaska,1996,5.7
323134,Taiho shichauzo,1994,
205669,Marianela,1972,6.2
63757,Ciao bambino,2004,
191672,Little Boy Blue,1916,
306212,Snow Business,1953,6.6
81615,"Decisin de San Mateo, La",2001,
100541,En voiture!,1991,
149322,"Hooked Generation, The",1968,2.3
369376,Wyscig pokoju - Warszawa-Berlin-Praga 1952,1952,
249716,Pas de Stoelen,1994,
163485,It's a Wonderful Life,1946,8.6
187249,"Legend of Frank Woods, The",1977,
45544,"Boyau de la mort, Le",1984,
122471,Frhret,2001,4.6
188973,"Lewis Mumford on the City, Part 3: The City and Its Region",1963,9.0
172691,Kaliber Deluxe,2000,7.1
169180,Josh's Suicide,1911,
308157,Somewhere in America,1917,
68534,"Community Sing: Series 2, No. 4",1937,
273919,Recovering from Traumatic Events,2001,
285713,"Saint in Palm Springs, The",1941,5.8
4536,Abandon,2002,4.7
41872,Blue Moon,1986,
289332,"Sbandata, La",1974,
292306,Secret Agent of Japan,1942,5.8
218639,Monyeo,1958,
151823,Hr. Petit,1948,
243560,"Origen del problema, El",1997,6.8
258794,Pogonya v stepi,1979,
163919,Ivanhoe (1913/II),1913,
47116,Bringing Down the House,1999,
319771,"Supreme Sacrifice, The",1913,
276971,Revancha,1948,
217227,"Moi, le dormeur",1996,
5563,"Ace of Scotland Yard, The",1929,
247907,Pantomimus,2003,
92555,Dr. med. Mord,1998,
16397,Andrew Lloyd Webber: The Royal Albert Hall Celebration,1998,
49726,Burdel,1982,
252914,"Perfect Match, A",1930,
157342,Imya,1988,
272616,"Rat, The",1937,
61992,Chin se tai yang,1976,3.5
290029,Schiefweg,1986,
229963,Neramu Siksha,1973,
187397,"Legende menneske, Det",1986,
175479,Ken Park,2002,6.0
55822,"Cartoon Film, The",1969,
147567,Holivud ili propast,1991,
12428,Alpine Rendezvous,1936,
143055,Her Cousin Fred,1912,
189989,Life After Hockey,1989,
212135,Meu Japo Brasileiro,1965,
195170,Louise (Take 2),1998,
155209,Ice,1998,
228755,Navarathri,1966,
225820,Na Corda Bamba,1958,
137146,"Hah, a tenger!",1972,
168448,John,1992,
6194,Adam's Rib,1949,7.6
203303,"Man of Nerve, A",1925,
281448,"Room, The",1992,
143658,"Here, Prince",1932,
322488,Spah no onna,1996,7.8
309286,"Sorry, Wrong Number",1948,7.4
217305,"Mojada engaada, La",1990,
144486,Hiawatha,1909,
337468,"Tragedy at Midnight, A",1942,
38,'38,1987,6.7
268549,Q&A at the DGA: Rob Epstein and Tom Ammiano,2004,
252285,"Penny Promise, The",2001,3.7
241616,One Nutty Night,1930,
61642,Child's Play,1985,
112830,"Fille des chiffonniers, La",1922,
46605,Brenda of the Barge,1920,
148719,"Homme qui valait des milliards, L'",1967,5.8
337328,"Tracker, The",2002,7.3
61265,Chicken Every Sunday,1949,5.9
299925,"Shot at Glory, A",2000,6.5
197569,"Lunga notte di Veronique, La",1966,
319747,Suppenkasper,1994,
65477,"Clean-Up Man, The",1928,
290984,"Scorched Earth, The",1942,
209034,Me has hecho perder el juicio,1973,
44408,Born Again,1978,3.0
99918,Emily (1977/II),1977,
272195,Ranjeni orao,1977,
118853,Frank Capra,1973,
117673,Forever Young,1991,
73442,Crimson Wings,1999,
190572,Lightning Jack,1994,4.7
156431,Ilk ve son,1955,
206402,Marriage Wows Series: Domestic Bliss-ters,1934,
276938,Reunion,1932,
93958,Drop Dead Gorgeous,1991,
90928,"Doorman, The",1999,5.9
262072,"Power of the Whistler, The",1945,6.9
109782,Fate's Boomerang,1916,
378559,berleben Sie mal,1962,
323825,Tales from Hollywood,1992,
28690,"Balsa de piedra, La",2002,6.2
54657,Captives,1994,6.0
261998,"Power and the Glory, The",1941,
333245,Time Gentlemen Please!,1952,8.0
90379,"Don't Run, Johnny",1998,2.4
261945,Povratak na rodno drvo,1968,
187137,Legacy of Kain: Defiance,2003,
261993,Power and Fear: The Hollywood Graylist,1990,
80702,Deadly Appearances,2000,
196040,Love Sickness at Sea,1913,
339853,Trip to Yatkumchatka,2003,
151923,Hu kou yuan yang,1967,
13046,"Amante anda suelto, Un",1970,
214517,Mindgame,1998,
48176,"Bruits de la ville, Les",1998,
376214,Zvezda,2002,7.8
72275,"Cowboy Millionaire, The",1909,
317718,Sua Eccellenza si ferm a mangiare,1961,6.9
205137,"Marca del Hombre-lobo, La",1968,3.3
287815,Santee,1973,5.1
10316,Alex Holeh Ahavah,1986,6.7
288778,Satyakam,1969,9.8
46109,"Braune Faden, Der",2000,
224445,Mya's Normal Night,2003,
201719,"Making of 'Midnight Express', The",1977,
18119,Antara Dua Darjat,1960,
377899,"tapes d'une douleur, Les",1919,
273575,Reba In Concert,1991,
163068,Issa le tisserand,1985,
215586,Miss Maria,2000,
56145,"Case for Murder, A",1993,
311500,Split,1989,5.8
105622,Exchange Is No Robbery,1898,
217655,Mon chien,1955,
47418,Broke Ground,2004,
304080,Skippy,2001,3.8
141450,Hearts and Flowers (1914/I),1914,
308955,Sontob,1994,4.0
264936,Privileged,1982,5.4
87156,Direct From Brooklyn,1999,
289524,"Scarecrow, The",2000,
